"term","estimate","std.error","statistic","p.value","Response","BHand","Pitch"
"(Intercept)",-14.7543996165397,0.822655819828755,-17.9350820366298,0.00000000000000000000000000000000000000000000000000000000000000000000000627709832269224,"whiff","R","FF"
"pitch_speed",0.0982179850054097,0.00889554865697046,11.0412509439142,0.000000000000000000000000000241645274964144,"whiff","R","FF"
"pfx_z",0.102232386827595,0.0147923669269971,6.91115812176164,0.00000000000480712858631445,"whiff","R","FF"
"pfx_total",-0.0989754934568415,0.0149298985205349,-6.62934803747717,0.0000000000337172744533622,"whiff","R","FF"
"zone1",-0.260019175093478,0.143131346915685,-1.81664730121382,0.0692711357560495,"whiff","R","FF"
"zone2",-0.287496132786532,0.116135209558816,-2.47552946155344,0.0133038784824555,"whiff","R","FF"
"zone3",-0.165444948754304,0.136689852883877,-1.21036745057335,0.226137925983759,"whiff","R","FF"
"zone4",-0.598608763621783,0.136870064448689,-4.37355506503902,0.0000122239393135127,"whiff","R","FF"
"zone6",-0.000758304516089672,0.112806531958151,-0.00672216850324755,0.994636525929882,"whiff","R","FF"
"zone7",-0.544422275894828,0.270053451804683,-2.01597969682159,0.0438020988928953,"whiff","R","FF"
"zone8",0.0361870815935242,0.169774209463695,0.213148285053641,0.831211303843935,"whiff","R","FF"
"zone9",-0.0426978821511002,0.189255170537721,-0.225610122195261,0.821504667446971,"whiff","R","FF"
"zone11",0.173757509409639,0.164476798761347,1.056425652239,0.290773791404529,"whiff","R","FF"
"zone12",-0.129500781858045,0.162261581374075,-0.798098852244614,0.424813127458194,"whiff","R","FF"
"zone13",0.143387330385132,0.275745435274004,0.51999892670082,0.603064323167598,"whiff","R","FF"
"zone14",0.243881609823651,0.199255360888131,1.22396511058277,0.220965389421299,"whiff","R","FF"
"dist_z",1.16228978303803,0.0960329856961586,12.1030266279071,0.00000000000000000000000000000000101787836857641,"whiff","R","FF"
"dist_prop",1.11184629004758,0.244147023962481,4.55400304293057,0.00000526345939169919,"whiff","R","FF"
"I(dist_x^2)",-0.955781568520311,0.0890619578395569,-10.7316478517363,0.00000000000000000000000000722953095862761,"whiff","R","FF"
"I(dist_z^2)",-1.07974953842161,0.0862119307624324,-12.5243632624004,0.00000000000000000000000000000000000549304114883938,"whiff","R","FF"
"release_spin_rate",0.000672630206930168,0.000134773187532689,4.99083103430364,0.00000060120071147088,"whiff","R","FF"
"pred",17.9780348901917,0.757338443997126,23.7384422152217,0.000000000000000000000000000000000000000000000000000000000000000000000000000000000000000000000000000000000000000000000000000144640075447277,"whiff","R","FF"
"(Intercept)",4.27842295341944,1.68050959035718,2.54590808524341,0.0108993883105183,"barrel","R","FF"
"pitch_speed",-0.0845549977799193,0.0181936588984008,-4.64749824387174,0.00000335984953315689,"barrel","R","FF"
"zone1",-0.0531612361980871,0.239863294146005,-0.221631393779357,0.824600841503012,"barrel","R","FF"
"zone2",-0.118591359847568,0.181328214291226,-0.654014932596766,0.513102185152383,"barrel","R","FF"
"zone3",-0.261693956792211,0.231145664850229,-1.13216034988922,0.257567026387598,"barrel","R","FF"
"zone4",0.444768853737902,0.159892777564752,2.78166944443618,0.00540800914437013,"barrel","R","FF"
"zone6",0.00993489486160222,0.153521862238015,0.0647132253137961,0.948402332618301,"barrel","R","FF"
"zone7",0.730821616961582,0.296533801168093,2.46454742792478,0.0137186406359647,"barrel","R","FF"
"zone8",-0.196688075845747,0.265676410028768,-0.740329470066419,0.459100103326746,"barrel","R","FF"
"zone9",-0.564381701745926,0.335847895970973,-1.68046817775719,0.0928662607552489,"barrel","R","FF"
"zone11",0.0282765119632552,0.37626646098675,0.0751502323356185,0.940095181162218,"barrel","R","FF"
"zone12",0.259862989723215,0.335553352835352,0.774431211988883,0.438675832048622,"barrel","R","FF"
"zone13",0.424499784519505,0.547439863196682,0.775427244265171,0.43808724158168,"barrel","R","FF"
"zone14",-14.3704765275593,242.456486257001,-0.0592703323776077,0.952736790891703,"barrel","R","FF"
"dist_z",0.341032840321628,0.205311823460057,1.66104822690825,0.0967037612566092,"barrel","R","FF"
"I(dist_x^2)",-1.03122420962404,0.13463041324899,-7.65966756498666,0.0000000000000186414981688777,"barrel","R","FF"
"I(dist_z^2)",-1.05430580730169,0.161450625278227,-6.53020578573053,0.0000000000656793867820197,"barrel","R","FF"
"release_spin_rate",-0.000500273318193728,0.000270583014014545,-1.84887185182598,0.0644763190664016,"barrel","R","FF"
"pred",96.7227352864646,6.20020520012099,15.599924867741,0.000000000000000000000000000000000000000000000000000000728798373301987,"barrel","R","FF"
"(Intercept)",-1.04666114773466,0.683522910535166,-1.53127441904643,0.125701585044148,"benefit","R","FF"
"pitch_speed",-0.0340319900927841,0.00600885223717014,-5.66364236455436,0.0000000148193110178067,"benefit","R","FF"
"pfx_z",0.0253634590737505,0.00951391859878367,2.66593189865984,0.0076775243629598,"benefit","R","FF"
"pfx_total",0.0158195102474859,0.00984083080364776,1.60753807916522,0.107936383109823,"benefit","R","FF"
"zone1",-0.449308222637705,0.118535026057868,-3.79051017729017,0.000150338172177745,"benefit","R","FF"
"zone2",-0.442834815038319,0.0919591289025237,-4.81556122076495,0.00000146786750768664,"benefit","R","FF"
"zone3",-0.159311683397993,0.111296699637328,-1.43141426400896,0.152311522742418,"benefit","R","FF"
"zone4",-0.314695933201458,0.10087838018584,-3.1195577548105,0.00181122749398541,"benefit","R","FF"
"zone6",0.18408128579845,0.0936597320878209,1.96542614093584,0.0493649363860178,"benefit","R","FF"
"zone7",0.39794627978813,0.142571468275886,2.79120559394167,0.0052512105222457,"benefit","R","FF"
"zone8",0.408738309709115,0.107603533345313,3.79855843950239,0.000145540115521145,"benefit","R","FF"
"zone9",0.779624862280471,0.122708615090097,6.35346476454029,0.000000000210518426612079,"benefit","R","FF"
"zone11",-0.613176124946653,0.131421594565228,-4.66571819475466,0.00000307540950729378,"benefit","R","FF"
"zone12",-0.753470674467121,0.12404681316645,-6.07408328544556,0.00000000124698000826801,"benefit","R","FF"
"zone13",-0.684822369407708,0.153189831168732,-4.47041663394358,0.00000780673697286315,"benefit","R","FF"
"zone14",-0.714569886067178,0.132311131122566,-5.40067853705551,0.0000000663893004416987,"benefit","R","FF"
"dist_x",0.155754773724498,0.0372112304603406,4.18569264702224,0.0000284297826709744,"benefit","R","FF"
"dist_z",0.406550284751858,0.044041096077891,9.23115728166334,0.0000000000000000000267723472866926,"benefit","R","FF"
"dist_prop",1.88590847081445,0.193511776994291,9.74570385382844,0.000000000000000000000192440607635265,"benefit","R","FF"
"I(dist_x^2)",-1.47375127994914,0.0712307746198931,-20.689811220129,0.0000000000000000000000000000000000000000000000000000000000000000000000000000000000000000000000427885035381186,"benefit","R","FF"
"I(dist_z^2)",-1.7331893321455,0.0739774118140704,-23.4286289509773,0.00000000000000000000000000000000000000000000000000000000000000000000000000000000000000000000000000000000000000000000000021834480575514,"benefit","R","FF"
"pred",8.28895018023641,0.646009711447023,12.8309993384924,0.000000000000000000000000000000000000109936917233661,"benefit","R","FF"
"(Intercept)",-16.1573752905053,0.802737691447346,-20.1278393460924,0.00000000000000000000000000000000000000000000000000000000000000000000000000000000000000000420953189392273,"whiff","L","FF"
"pitch_speed",0.0959510150848983,0.0085837709565171,11.1781891165268,0.0000000000000000000000000000521431100730629,"whiff","L","FF"
"pfx_total",0.0649416603947051,0.00750291543919917,8.65552343232016,0.00000000000000000490654676422876,"whiff","L","FF"
"zone1",0.0261932502501133,0.148456416582731,0.176437306335738,0.859950398143418,"whiff","L","FF"
"zone2",-0.198003927504993,0.123503116430275,-1.60323021173945,0.108883837694013,"whiff","L","FF"
"zone3",-0.0114695550302462,0.157365667673365,-0.0728847352781733,0.941897841117419,"whiff","L","FF"
"zone4",0.0725730052425671,0.126954289310944,0.571646737077286,0.56756132545464,"whiff","L","FF"
"zone6",-0.362815480179208,0.150834648938666,-2.40538551806316,0.016155412878337,"whiff","L","FF"
"zone7",-0.194330551215079,0.224258396024015,-0.866547494588648,0.386189992647267,"whiff","L","FF"
"zone8",0.0477418570215677,0.180634461192685,0.264300935194424,0.791548039712719,"whiff","L","FF"
"zone9",-0.0272296568533408,0.245375034828691,-0.110971586299932,0.911638878386458,"whiff","L","FF"
"zone11",0.00368808782561939,0.17198856148617,0.0214437971557542,0.9828916365093,"whiff","L","FF"
"zone12",0.262877670297573,0.178059520468006,1.47634717653195,0.139850715520311,"whiff","L","FF"
"zone13",0.201749485364735,0.236415846985564,0.853367013832427,0.393455808043502,"whiff","L","FF"
"zone14",0.981006294056682,0.264934991889327,3.70281889553678,0.000213217093273071,"whiff","L","FF"
"dist_x",0.32122068875366,0.0612878993484941,5.241176352401,0.000000159556133684644,"whiff","L","FF"
"dist_z",1.15531124719293,0.101040574093815,11.4341318579626,0.00000000000000000000000000000282346563291012,"whiff","L","FF"
"dist_prop",1.39858767476759,0.253585336491456,5.51525452582592,0.0000000348275547327154,"whiff","L","FF"
"I(dist_x^2)",-1.23955963223183,0.092912629492603,-13.3411317600317,0.000000000000000000000000000000000000000133418491998551,"whiff","L","FF"
"I(dist_z^2)",-1.16323876266602,0.0879034571349923,-13.2331400900382,0.000000000000000000000000000000000000000564775751366026,"whiff","L","FF"
"release_spin_rate",0.000724210046997243,0.000134421351770377,5.3876116960523,0.0000000714001031052717,"whiff","L","FF"
"pred",16.3267769461551,0.610022545494945,26.7642189075295,0.0000000000000000000000000000000000000000000000000000000000000000000000000000000000000000000000000000000000000000000000000000000000000000000000000000000000000843584101766277,"whiff","L","FF"
"(Intercept)",0.930992786557875,1.84727201561524,0.503982509715984,0.614273667777866,"barrel","L","FF"
"pitch_speed",-0.070233054313647,0.0203283024565227,-3.45493946008814,0.000550416398743284,"barrel","L","FF"
"pfx_x",-0.0661802308055473,0.0140043232213747,-4.72570003986605,0.00000229323954806361,"barrel","L","FF"
"pfx_total",-0.0296891030854242,0.0177876773848364,-1.6690826150655,0.0951010081605929,"barrel","L","FF"
"zone1",0.589928828322552,0.249807137481961,2.36153712127281,0.0181993497745988,"barrel","L","FF"
"zone2",0.0572776578439949,0.167659291224379,0.341631277489656,0.732628395894062,"barrel","L","FF"
"zone3",-0.196467876247704,0.26286012370555,-0.747423661976905,0.454807866737764,"barrel","L","FF"
"zone4",-0.0604593998714803,0.236915540872123,-0.255193895887623,0.798573345407209,"barrel","L","FF"
"zone6",-0.169795659975031,0.211390395198405,-0.803232615255132,0.42184029744599,"barrel","L","FF"
"zone7",0.0289636832954412,0.325955953386799,0.0888576600442427,0.929195032782526,"barrel","L","FF"
"zone8",0.225356359743925,0.183393930912786,1.22881034624365,0.21914292147978,"barrel","L","FF"
"zone9",0.0528391700616557,0.272326027596417,0.194029085387176,0.846153107807952,"barrel","L","FF"
"zone11",-0.0324935440188173,0.453095328706923,-0.0717145862252648,0.942829047923098,"barrel","L","FF"
"zone12",-0.23772321622563,0.427527973192625,-0.556041314561006,0.578182611814027,"barrel","L","FF"
"zone13",-13.3323475520537,223.4222886108,-0.0596733102814043,0.952415829152664,"barrel","L","FF"
"zone14",-0.0471682327436934,0.485718107016321,-0.0971103034091923,0.922638798599808,"barrel","L","FF"
"dist_x",-0.504609665681644,0.189036538613756,-2.66937635116496,0.00759922475060698,"barrel","L","FF"
"I(dist_x^2)",-1.0787183309649,0.156101747870013,-6.9103539562104,0.00000000000483445917081554,"barrel","L","FF"
"I(dist_z^2)",-1.11656676498351,0.163717751692555,-6.8200714549288,0.00000000000909952388838393,"barrel","L","FF"
"release_spin_rate",0.000507252604982992,0.000306281203902808,1.65616628940755,0.0976881479654574,"barrel","L","FF"
"pred",85.4624320760313,5.2425061770079,16.3018276355772,0.00000000000000000000000000000000000000000000000000000000000957845867196287,"barrel","L","FF"
"(Intercept)",0.558905656075291,0.600048284665759,0.93143447012204,0.351628867116517,"benefit","L","FF"
"pitch_speed",-0.0448154565587257,0.00575976128358686,-7.78078367352354,0.00000000000000720766530383024,"benefit","L","FF"
"pfx_total",0.0330470188621026,0.00479391023592601,6.89354143814484,0.00000000000544202570291758,"benefit","L","FF"
"zone1",-0.261782016360705,0.10711387785658,-2.44395984534533,0.0145270433050505,"benefit","L","FF"
"zone2",-0.454002170949802,0.0900965978980617,-5.03906009262942,0.000000467823593555946,"benefit","L","FF"
"zone3",-0.318889000697061,0.109073246180878,-2.92362253680651,0.00345984017036179,"benefit","L","FF"
"zone4",0.215939966177224,0.0920629954069773,2.34556745870185,0.0189981403493365,"benefit","L","FF"
"zone6",-0.103288609457569,0.0909795302525371,-1.1352950402235,0.256251719631302,"benefit","L","FF"
"zone7",1.08745040860786,0.13068728122502,8.32101179559674,0.0000000000000000872155685758193,"benefit","L","FF"
"zone8",0.528211679600556,0.104917770285153,5.03453016743442,0.000000479022239535954,"benefit","L","FF"
"zone9",0.46485792953703,0.122300536781809,3.80094758182757,0.00014414379567657,"benefit","L","FF"
"zone11",-0.796423754440426,0.117746177688607,-6.76390325422415,0.0000000000134322797030616,"benefit","L","FF"
"zone12",-0.699480798771101,0.119604906956504,-5.84826171910721,0.00000000496736562214065,"benefit","L","FF"
"zone13",-0.468356477275327,0.129229514906248,-3.62422220353537,0.000289832351004298,"benefit","L","FF"
"zone14",-0.795640201022631,0.133460283948133,-5.96162526772265,0.00000000249741352613327,"benefit","L","FF"
"dist_z",0.446914560536837,0.0443222074279542,10.0833100712165,0.000000000000000000000006548223021619,"benefit","L","FF"
"dist_prop",1.78715926676108,0.18847712064659,9.48210191576594,0.00000000000000000000249211695423525,"benefit","L","FF"
"I(dist_x^2)",-1.55837769432417,0.0701924954470255,-22.2014858483025,0.000000000000000000000000000000000000000000000000000000000000000000000000000000000000000000000000000000000000332283732751009,"benefit","L","FF"
"I(dist_z^2)",-1.66401303786271,0.0718389888811563,-23.1630910147622,0.000000000000000000000000000000000000000000000000000000000000000000000000000000000000000000000000000000000000000000000107298191323522,"benefit","L","FF"
"release_spin_rate",0.000365436320980325,0.0000877194653376046,4.16596612364058,0.0000310036742639472,"benefit","L","FF"
"pred",6.02004530787731,0.489841304790772,12.2897870167333,0.00000000000000000000000000000000010277645595123,"benefit","L","FF"
"(Intercept)",-6.75645669319816,0.297132917098843,-22.7388360709648,0.00000000000000000000000000000000000000000000000000000000000000000000000000000000000000000000000000000000000000000185072461554528,"whiff","R","SL"
"pfx_x",0.0315009242278339,0.0104939018411146,3.00183141645319,0.00268360746494436,"whiff","R","SL"
"pfx_z",0.031114457727801,0.00684932265515174,4.54270579652108,0.0000055536734982371,"whiff","R","SL"
"pfx_total",-0.0435320433086337,0.0113342618602877,-3.84074797681872,0.00012265999448351,"whiff","R","SL"
"zone1",0.241662825967355,0.287577767008268,0.840339044570182,0.400718315497997,"whiff","R","SL"
"zone2",0.537231125645873,0.198108664546661,2.71180024798631,0.00669189056353275,"whiff","R","SL"
"zone3",-0.281367124975015,0.228786593630314,-1.22982348095826,0.218763213260648,"whiff","R","SL"
"zone4",-1.08329526739429,0.283306720062492,-3.82375422353319,0.000131434936633447,"whiff","R","SL"
"zone6",-0.59790329115257,0.158981929966893,-3.76082546788229,0.000169353566449161,"whiff","R","SL"
"zone7",-0.684534315877764,0.26168468848418,-2.61587454674157,0.00889992506556172,"whiff","R","SL"
"zone8",-0.189093330965064,0.156194876452446,-1.21062441521655,0.2260393825949,"whiff","R","SL"
"zone9",-0.28031719710365,0.17186479981907,-1.63103321563667,0.102883311023327,"whiff","R","SL"
"zone11",0.779100739236838,0.347940426907818,2.23917854605395,0.0251443011870049,"whiff","R","SL"
"zone12",-0.646161571671425,0.239273311601899,-2.70051669091497,0.00692318630997383,"whiff","R","SL"
"zone13",-0.246421374627765,0.245502191997496,-1.00374409133699,0.315501978866877,"whiff","R","SL"
"zone14",-0.105610043012908,0.204163650313953,-0.517281322363242,0.604959790396606,"whiff","R","SL"
"dist_x",-0.456169816389567,0.0912269670804551,-5.00038345007415,0.000000572164070663067,"whiff","R","SL"
"dist_z",-0.731349240593208,0.0946927337067432,-7.72339346393933,0.000000000000011327282809393,"whiff","R","SL"
"dist_prop",2.06530616743849,0.22862608987287,9.03355416954786,0.000000000000000000166184666276595,"whiff","R","SL"
"I(dist_x^2)",-0.833720201059167,0.0573774062423222,-14.5304616513704,0.00000000000000000000000000000000000000000000000776950498022134,"whiff","R","SL"
"I(dist_z^2)",-0.958493532887729,0.0621712298928937,-15.4169948791263,0.0000000000000000000000000000000000000000000000000000125824595189183,"whiff","R","SL"
"release_spin_rate",0.000414843248741134,0.000090756500928258,4.57094802574047,0.00000485522701689814,"whiff","R","SL"
"pred",18.2107457972014,0.928601752500666,19.6109319718179,0.000000000000000000000000000000000000000000000000000000000000000000000000000000000000124725419924217,"whiff","R","SL"
"(Intercept)",-1.06279206944801,2.1511948389733,-0.494047331368296,0.621272752877964,"barrel","R","SL"
"pitch_speed",-0.0485626420475538,0.0247409393032103,-1.96284552709979,0.0496641259074929,"barrel","R","SL"
"pfx_x",-0.031389596432868,0.0167521582226436,-1.8737643243149,0.0609629156264645,"barrel","R","SL"
"pfx_z",-0.02849509801836,0.018701367064579,-1.52369064357497,0.127586007829725,"barrel","R","SL"
"dist_x",0.423369928119651,0.121355237184792,3.48868279557618,0.000485406800889365,"barrel","R","SL"
"dist_prop",1.0428007188014,0.690241649539334,1.5107762904446,0.130845457397732,"barrel","R","SL"
"I(dist_x^2)",-1.79750625236655,0.445111124464325,-4.03833144932017,0.0000538327531924956,"barrel","R","SL"
"I(dist_z^2)",-2.18255449278082,0.470158903506457,-4.64216348239558,0.00000344779886760022,"barrel","R","SL"
"pred",160.855395388235,10.9146966491211,14.7375049036464,0.000000000000000000000000000000000000000000000000370211717596519,"barrel","R","SL"
"(Intercept)",-5.02288063361404,0.446302130534158,-11.2544401874183,0.0000000000000000000000000000220219969209771,"benefit","R","SL"
"pfx_x",0.017412283039514,0.00663331610119464,2.62497411157266,0.00866555556651274,"benefit","R","SL"
"pfx_total",-0.0222560720839623,0.00754430455521566,-2.95004952690779,0.00317722993373516,"benefit","R","SL"
"zone1",1.50574626659488,0.190071756996341,7.92198846577647,0.00000000000000233741999212685,"benefit","R","SL"
"zone2",0.888351178540206,0.141268845711923,6.28837288266473,0.000000000320810599678859,"benefit","R","SL"
"zone3",0.758853359145644,0.1596800017638,4.7523381185087,0.00000201077745875289,"benefit","R","SL"
"zone4",0.861740128072616,0.147137844704482,5.85668581596645,0.00000000472195213860993,"benefit","R","SL"
"zone6",0.286760476240776,0.11299721423734,2.5377658925154,0.011156258508896,"benefit","R","SL"
"zone7",0.8243695925279,0.177374279849898,4.64762756598937,0.00000335774446090411,"benefit","R","SL"
"zone8",0.147704031564887,0.114352027871277,1.2916607979279,0.196474639120499,"benefit","R","SL"
"zone9",0.467823964396149,0.131956111411115,3.54529971665067,0.000392166890394097,"benefit","R","SL"
"zone11",0.182140897887506,0.221519102121463,0.822235627280736,0.410942805588675,"benefit","R","SL"
"zone12",-0.287896010375759,0.168830182620306,-1.70524017629732,0.0881496398088691,"benefit","R","SL"
"zone13",-0.474027630307903,0.181360133869657,-2.61373665862303,0.00895580354648173,"benefit","R","SL"
"zone14",-0.255235282540061,0.156749786474812,-1.62829748148381,0.103461823259074,"benefit","R","SL"
"dist_x",-0.397561042602835,0.0631087426574187,-6.29961913139305,0.000000000298377899406771,"benefit","R","SL"
"dist_z",-0.409229664243197,0.0571379738675022,-7.16213118078292,0.000000000000794323539611747,"benefit","R","SL"
"dist_prop",-0.659225927433954,0.170399348608485,-3.86871154624312,0.000109411986248958,"benefit","R","SL"
"I(dist_x^2)",-0.353093939591304,0.0445946925057525,-7.91784671563228,0.00000000000000241659021679461,"benefit","R","SL"
"I(dist_z^2)",-0.329693048994133,0.0450085769241931,-7.32511604509131,0.00000000000023869207571439,"benefit","R","SL"
"release_spin_rate",0.000255881399541994,0.0000736816272363651,3.47279788923697,0.000515063068636178,"benefit","R","SL"
"pred",11.5399628846006,0.773381709139694,14.9214323900129,0.0000000000000000000000000000000000000000000000000239085344950929,"benefit","R","SL"
"(Intercept)",-14.4509391636475,1.32744023976447,-10.886319949297,0.00000000000000000000000000133943947708436,"whiff","L","SL"
"pitch_speed",0.0401156573305343,0.0133670822595993,3.00107806262105,0.0026902558805669,"whiff","L","SL"
"pfx_total",-0.0145331587748759,0.0095285648026894,-1.52522012242327,0.127204203212946,"whiff","L","SL"
"zone1",0.316064208629744,0.341974787613568,0.924232487533253,0.355365284420257,"whiff","L","SL"
"zone2",0.560977821242653,0.279578514208976,2.00651263502795,0.0448015820698025,"whiff","L","SL"
"zone3",-0.720190487983751,0.371978817440661,-1.93610618190278,0.0528546975588644,"whiff","L","SL"
"zone4",0.0299152324180802,0.261551009512205,0.114376283516827,0.908939513615681,"whiff","L","SL"
"zone6",-1.25360454872595,0.27418595631816,-4.5720961261462,0.00000482869314747673,"whiff","L","SL"
"zone7",-0.705247823211226,0.309760134929991,-2.27675463587533,0.0228008818692343,"whiff","L","SL"
"zone8",-0.750151914256048,0.248289902233626,-3.02127435512943,0.00251713172614343,"whiff","L","SL"
"zone9",-0.954426016915838,0.288013669991025,-3.31382193402688,0.000920300952398073,"whiff","L","SL"
"zone11",0.221816131823367,0.417240013808344,0.531627179758593,0.594984236224028,"whiff","L","SL"
"zone12",-1.32879279450912,0.403945354955055,-3.2895360181997,0.00100352711764506,"whiff","L","SL"
"zone13",-0.712099486940797,0.34180381956043,-2.08335731255601,0.037218666217155,"whiff","L","SL"
"zone14",-0.622598846663635,0.33194793841811,-1.87559184621123,0.0607113469024563,"whiff","L","SL"
"dist_x",-0.698518755559447,0.0991877471964314,-7.04238956225208,0.00000000000188970602375134,"whiff","L","SL"
"dist_z",-0.417993436092469,0.126663807268548,-3.30002267503499,0.00096677016906827,"whiff","L","SL"
"dist_prop",3.15792238288012,0.398242995628574,7.92963697426933,0.00000000000000219787420881341,"whiff","L","SL"
"I(dist_x^2)",-1.25289450349038,0.115044713805536,-10.890500415414,0.00000000000000000000000000127935350759617,"whiff","L","SL"
"I(dist_z^2)",-1.18407074791688,0.114685083298374,-10.324540156947,0.000000000000000000000000545796989249015,"whiff","L","SL"
"release_spin_rate",0.000310201825824859,0.000146332341302872,2.11984461577647,0.0340191513493355,"whiff","L","SL"
"pred",48.2794401284985,3.27405977879046,14.7460472289649,0.000000000000000000000000000000000000000000000000326219919984733,"whiff","L","SL"
"(Intercept)",3.18124405852579,3.33897124884234,0.952761740499791,0.340710803291087,"barrel","L","SL"
"pitch_speed",-0.104376983196429,0.038391151216192,-2.71877711112779,0.00655237447090453,"barrel","L","SL"
"pfx_x",-0.0576351231171485,0.0237222348799341,-2.42958234790519,0.0151162305717566,"barrel","L","SL"
"pfx_z",0.0653162906898797,0.0243512791773903,2.68225296150046,0.00731281400371525,"barrel","L","SL"
"dist_x",-0.665676166815524,0.176358141464587,-3.77457009519005,0.000160283836303846,"barrel","L","SL"
"dist_z",-0.918805292186146,0.2774744222829,-3.31131527232941,0.000928585259618751,"barrel","L","SL"
"I(dist_x^2)",-1.39510936905374,0.209569540414,-6.65702356505498,0.0000000000279428400728245,"barrel","L","SL"
"I(dist_z^2)",-1.8569539153954,0.293400805775259,-6.32906890111882,0.00000000024664496426624,"barrel","L","SL"
"pred",205.332209168276,17.1635416430247,11.9632773607494,0.00000000000000000000000000000000553340451592526,"barrel","L","SL"
"(Intercept)",-8.97420338601678,1.41930255826645,-6.32296710363007,0.000000000256587941824211,"benefit","L","SL"
"pitch_speed",-0.0188695104196171,0.0107604169743554,-1.75360401595844,0.0794983824210161,"benefit","L","SL"
"pfx_x",-0.0172831795432915,0.0065856713495974,-2.62436107510103,0.00868116996054052,"benefit","L","SL"
"zone1",1.42971492435884,0.236862346464603,6.03605826632515,0.00000000157924250134653,"benefit","L","SL"
"zone2",0.92111124160641,0.215399233783518,4.27629767027005,0.0000190027101264164,"benefit","L","SL"
"zone3",0.8177711171397,0.256394506984456,3.18950326494037,0.00142517529218907,"benefit","L","SL"
"zone4",1.004225991519,0.17281526523802,5.81097966163969,0.00000000621083095750246,"benefit","L","SL"
"zone6",-0.0495242371377984,0.164267705964537,-0.301484925761914,0.763044743104394,"benefit","L","SL"
"zone7",0.97360287175636,0.203373558793873,4.78726377966933,0.00000169070555262274,"benefit","L","SL"
"zone8",-0.0574060331947003,0.154006951792835,-0.372749622834696,0.709334800044191,"benefit","L","SL"
"zone9",-0.0859598103461159,0.186979019222515,-0.459729710336213,0.645710241231896,"benefit","L","SL"
"zone11",-0.22995039538039,0.263613621736617,-0.87230088439868,0.38304425529996,"benefit","L","SL"
"zone12",-0.361803735529921,0.26604504506876,-1.35993412482616,0.173850770999132,"benefit","L","SL"
"zone13",-0.577374888464999,0.224995885413869,-2.56615754284993,0.0102832111045791,"benefit","L","SL"
"zone14",-0.55386730799635,0.221233157151063,-2.50354564898316,0.012295581782607,"benefit","L","SL"
"dist_x",-0.297852242010578,0.0602090383048844,-4.9469689335067,0.00000075378000888437,"benefit","L","SL"
"dist_z",-0.311970592447041,0.0780132762067633,-3.99894232899804,0.0000636261800029855,"benefit","L","SL"
"dist_prop",-0.437766512823148,0.254161557975932,-1.72239467018298,0.0849980485311807,"benefit","L","SL"
"I(dist_x^2)",-0.371656334322875,0.0704668281798853,-5.27420268405049,0.000000133334485091117,"benefit","L","SL"
"I(dist_z^2)",-0.29007035849918,0.0684793789907386,-4.23587892843494,0.0000227659426478066,"benefit","L","SL"
"release_spin_rate",0.000252719716094099,0.000108936559769675,2.31987972291786,0.0203473847782906,"benefit","L","SL"
"pred",22.1885728209097,2.07647665176713,10.6856837528256,0.0000000000000000000000000118770597117288,"benefit","L","SL"
"(Intercept)",-6.51983750656671,1.15687728344554,-5.63572091859961,0.000000017432750236662,"whiff","R","CH"
"pitch_speed",-0.0348775239962061,0.0124292969459649,-2.80607375846216,0.00501492116202979,"whiff","R","CH"
"pfx_x",0.0454847227560136,0.0253697951521852,1.79286913761682,0.0729938512300577,"whiff","R","CH"
"pfx_z",-0.0276821723886559,0.0126684275410344,-2.18513089323757,0.0288792506980563,"whiff","R","CH"
"pfx_total",0.0969306196212442,0.0316573684637008,3.06186598334563,0.00219961910211595,"whiff","R","CH"
"zone1",0.343047393805108,0.530579045741019,0.646552849304481,0.517921382437625,"whiff","R","CH"
"zone2",-0.0716961013079359,0.625166170318435,-0.114683270963649,0.908696174267076,"whiff","R","CH"
"zone3",0.910243833783641,0.768202649253832,1.18490066998308,0.236056722481958,"whiff","R","CH"
"zone4",-0.873160134233635,0.32714017170647,-2.66907035500699,0.00760615159644222,"whiff","R","CH"
"zone6",-0.275936282062219,0.373452660372616,-0.738878876339776,0.459980550261886,"whiff","R","CH"
"zone7",-0.728204150587805,0.327739778313485,-2.22189736728043,0.026290242378796,"whiff","R","CH"
"zone8",-0.491390043365369,0.279641420795155,-1.75721480018271,0.0788812035122293,"whiff","R","CH"
"zone9",-0.462084492895654,0.344189439308809,-1.34252954949344,0.179424355886749,"whiff","R","CH"
"zone11",-0.213355385220925,0.493127863044049,-0.432657331313414,0.665263732346858,"whiff","R","CH"
"zone12",-11.5060492970146,207.079235165027,-0.0555635106911861,0.955689533825568,"whiff","R","CH"
"zone13",-0.109151979744429,0.36984271110704,-0.29513081227884,0.767893952683098,"whiff","R","CH"
"zone14",0.028518637853298,0.377299921182051,0.0755861219476309,0.939748377957304,"whiff","R","CH"
"dist_x",0.293372763972187,0.0949438748542143,3.08995987811388,0.00200183535202335,"whiff","R","CH"
"dist_z",-1.7127932594783,0.289955329674768,-5.90709355609872,0.00000000348196032471903,"whiff","R","CH"
"dist_prop",1.74533543575222,0.546771713561368,3.19207338723518,0.00141255438340906,"whiff","R","CH"
"I(dist_x^2)",-0.972753389445791,0.167299147729213,-5.81445514008399,0.00000000608316957030018,"whiff","R","CH"
"I(dist_z^2)",-1.54085227299062,0.169299109544171,-9.10136076403047,0.0000000000000000000892070343128852,"whiff","R","CH"
"pred",46.270769533729,3.39526641670812,13.6280232107944,0.00000000000000000000000000000000000000000272871907219129,"whiff","R","CH"
"(Intercept)",-7.11820018768146,0.655665633698336,-10.8564485033792,0.00000000000000000000000000185836721687114,"barrel","R","CH"
"pfx_x",-0.178595032178854,0.103301663497826,-1.72886888876298,0.0838325633089735,"barrel","R","CH"
"pfx_z",0.159192530290162,0.0609478622562552,2.61194608632599,0.00900284503626576,"barrel","R","CH"
"pfx_total",-0.278610531366992,0.121987959288451,-2.28391828990429,0.0223763335163195,"barrel","R","CH"
"dist_x",1.53581845874026,0.328636381738755,4.67330625603447,0.00000296389295477288,"barrel","R","CH"
"I(dist_x^2)",-1.35548135815407,0.251919051182137,-5.38062267142336,0.0000000742286362488213,"barrel","R","CH"
"I(dist_z^2)",-1.26214696854024,0.199552703603467,-6.32488032358742,0.000000000253428919692754,"barrel","R","CH"
"pred",316.037575428853,25.6423149889956,12.3248456921491,0.000000000000000000000000000000000066570791273673,"barrel","R","CH"
"(Intercept)",-11.629993661717,1.54988945659261,-7.50375687262577,0.0000000000000620142795754896,"benefit","R","CH"
"pitch_speed",-0.0380160394596928,0.00984916550231262,-3.85982339831394,0.000113468999026983,"benefit","R","CH"
"pfx_z",-0.036895604438697,0.00726511025580766,-5.07846448843677,0.000000380497532353552,"benefit","R","CH"
"pfx_total",0.0397041824130182,0.00995836640205172,3.98701763020468,0.0000669090554038778,"benefit","R","CH"
"zone1",-0.0503432864205967,0.287171438298996,-0.175307428617537,0.860838074970119,"benefit","R","CH"
"zone2",0.213317189880721,0.280256027101238,0.761151123446359,0.446566807855652,"benefit","R","CH"
"zone3",1.55028002332856,0.535104548732925,2.8971535132704,0.00376565441737191,"benefit","R","CH"
"zone4",-0.289296156576047,0.224725715325449,-1.28733000652412,0.197979289050801,"benefit","R","CH"
"zone6",0.436119678089757,0.265739461003456,1.64115512405621,0.100765218428757,"benefit","R","CH"
"zone7",0.17887808556476,0.250140702436239,0.715109871454669,0.474541154691332,"benefit","R","CH"
"zone8",0.101962905618986,0.207353976784021,0.49173354280632,0.622907722522594,"benefit","R","CH"
"zone9",0.588365548588232,0.269353083983986,2.18436536862972,0.0289354108745482,"benefit","R","CH"
"zone11",-0.496260435739433,0.308099170426188,-1.61071655938886,0.107241514764812,"benefit","R","CH"
"zone12",-0.597292264465012,0.49736017654516,-1.20092498883609,0.229780299930607,"benefit","R","CH"
"zone13",-0.109213124338858,0.282511497381572,-0.38657939712574,0.699067613041988,"benefit","R","CH"
"zone14",-0.0624733988140596,0.2914233752228,-0.214373328036219,0.83025593933094,"benefit","R","CH"
"dist_x",0.219193747525356,0.0757411144978928,2.89398629764622,0.00380384761105761,"benefit","R","CH"
"dist_prop",1.0292535666553,0.385878154597023,2.66730198222845,0.00764629330060871,"benefit","R","CH"
"I(dist_x^2)",-0.95184349318111,0.117950795139923,-8.06983532456864,0.000000000000000703930461823068,"benefit","R","CH"
"I(dist_z^2)",-0.924285595230349,0.117249003715253,-7.88309977861339,0.00000000000000319357851510001,"benefit","R","CH"
"pred",31.6977054607285,2.70130088855152,11.7342372317973,0.0000000000000000000000000000000850899541834455,"benefit","R","CH"
"(Intercept)",-4.05437271615806,0.799142487259261,-5.07340403094189,0.000000390761589743003,"whiff","L","CH"
"pitch_speed",-0.0355448419936171,0.00925812661528046,-3.83931258133267,0.000123379270033243,"whiff","L","CH"
"pfx_x",0.0615548057244197,0.0190083824300786,3.23829794307043,0.00120245162458711,"whiff","L","CH"
"pfx_z",-0.019720992302443,0.00939127252438348,-2.09992759247903,0.0357352110962076,"whiff","L","CH"
"pfx_total",0.0840922814688362,0.0238199948789953,3.53032323877574,0.0004150522491545,"whiff","L","CH"
"zone1",0.107581001195317,0.326767600927871,0.329227869867868,0.741983458968497,"whiff","L","CH"
"zone2",0.188499390279152,0.370416577407295,0.508884865786895,0.610832928746149,"whiff","L","CH"
"zone3",-0.888743407436493,1.04973214105059,-0.8466382734047,0.397196773962075,"whiff","L","CH"
"zone4",-0.67648328713233,0.205156023142834,-3.29740885385241,0.000975813405270237,"whiff","L","CH"
"zone6",-1.56953538592182,0.455956502937573,-3.44229191997447,0.000576807428656309,"whiff","L","CH"
"zone7",-0.630295310122899,0.221591061190238,-2.84440765226438,0.00444940815710713,"whiff","L","CH"
"zone8",-0.641634061164391,0.192355349099331,-3.33567048781708,0.000850939592851052,"whiff","L","CH"
"zone9",-1.18222930471077,0.270988156278744,-4.36266042378141,0.000012849030181375,"whiff","L","CH"
"zone11",-0.4042897471098,0.301708849792263,-1.33999963006775,0.180245465197648,"whiff","L","CH"
"zone12",-10.6626048515642,111.007526817183,-0.0960529898943189,0.923478487229408,"whiff","L","CH"
"zone13",-0.40612991487936,0.255156953470657,-1.5916866436723,0.111455130871045,"whiff","L","CH"
"zone14",-0.671044775158228,0.270419627401876,-2.4814943412409,0.013083278767715,"whiff","L","CH"
"dist_x",0.223408218851273,0.0855301131260603,2.61204166212195,0.00900032852818664,"whiff","L","CH"
"dist_z",-1.42757511202524,0.162718428825226,-8.77328476148567,0.00000000000000000173528468521697,"whiff","L","CH"
"dist_prop",1.44782988379969,0.361138887693645,4.00906668635444,0.0000609592014128862,"whiff","L","CH"
"I(dist_x^2)",-0.787449580994367,0.10608702344023,-7.42267579444359,0.000000000000114777493523791,"whiff","L","CH"
"I(dist_z^2)",-1.19698617211337,0.11056505292216,-10.8260805786081,0.00000000000000000000000000259005822379365,"whiff","L","CH"
"release_spin_rate",0.000192375068155384,0.000113712728538127,1.69176371571175,0.0906910344043259,"whiff","L","CH"
"pred",31.0168868030245,1.71192542732623,18.1181296263987,0.000000000000000000000000000000000000000000000000000000000000000000000000229256972036696,"whiff","L","CH"
"(Intercept)",-4.64680573920204,0.237929362150485,-19.5301903775249,0.000000000000000000000000000000000000000000000000000000000000000000000000000000000000608123140280751,"barrel","L","CH"
"pfx_z",0.0275215823781524,0.0155042638252224,1.77509765625764,0.0758817639231086,"barrel","L","CH"
"I(dist_x^2)",-1.6070666656498,0.176700159212746,-9.09487955647452,0.0000000000000000000946913650214064,"barrel","L","CH"
"I(dist_z^2)",-1.50062652856487,0.159028180910356,-9.4362302327458,0.00000000000000000000386432513521288,"barrel","L","CH"
"pred",128.490641183408,9.85953478768694,13.0321200695872,0.00000000000000000000000000000000000000803437862553959,"barrel","L","CH"
"(Intercept)",-3.65123274345151,0.788931537904726,-4.62807299242795,0.00000369083939724137,"benefit","L","CH"
"pitch_speed",-0.0227557784776177,0.00680266883230752,-3.34512513229293,0.000822454551168043,"benefit","L","CH"
"pfx_z",-0.0205133598382043,0.00514195421780747,-3.98940927306645,0.0000662380481083012,"benefit","L","CH"
"pfx_total",0.0277488163356272,0.00715407259979319,3.87874402287019,0.000104997167934282,"benefit","L","CH"
"zone1",0.777842828436445,0.169166881222531,4.59807985354549,0.00000426402571981469,"benefit","L","CH"
"zone2",1.30349299321746,0.247170427252385,5.27366080039365,0.000000133728974718036,"benefit","L","CH"
"zone3",2.16988706561962,0.464558497021379,4.67085863143682,0.00000299943318235311,"benefit","L","CH"
"zone4",0.205430892597721,0.128388216871849,1.60007590729897,0.109581745019757,"benefit","L","CH"
"zone6",1.25560573194619,0.242009169445968,5.1882568533277,0.000000212271687524162,"benefit","L","CH"
"zone7",0.422261799474564,0.129764048881963,3.2540738603083,0.00113762697494715,"benefit","L","CH"
"zone8",0.281278841154638,0.124256518805377,2.26369484562179,0.023592889734638,"benefit","L","CH"
"zone9",0.835232454444271,0.163218699334484,5.11725959004629,0.000000310006822160518,"benefit","L","CH"
"zone11",-0.302124174331018,0.14528453779675,-2.07953426367837,0.0375682719042508,"benefit","L","CH"
"zone12",0.270294492417097,0.3877559440585,0.697073756208669,0.485756637040388,"benefit","L","CH"
"zone13",-0.145119129071557,0.133026696023396,-1.09090230314398,0.275315873591355,"benefit","L","CH"
"zone14",-0.439804106885274,0.141966645008541,-3.09793970871689,0.00194871069386502,"benefit","L","CH"
"dist_x",0.48139984879327,0.0713116310729723,6.75064981055699,0.0000000000147184456757165,"benefit","L","CH"
"dist_z",-0.430975189873938,0.0736848938320895,-5.84889476608365,0.00000000494850020129047,"benefit","L","CH"
"I(dist_x^2)",-0.827784175759647,0.0335451150583501,-24.6767427781886,0.0000000000000000000000000000000000000000000000000000000000000000000000000000000000000000000000000000000000000000000000000000000000000190084271201598,"benefit","L","CH"
"I(dist_z^2)",-0.80824908933714,0.0346945215248283,-23.2961589846033,0.00000000000000000000000000000000000000000000000000000000000000000000000000000000000000000000000000000000000000000000000484906257474333,"benefit","L","CH"
"pred",13.946540028245,1.13192337865826,12.3210990171232,0.0000000000000000000000000000000000697373642091954,"benefit","L","CH"
"(Intercept)",-10.680291737404,0.614436279476081,-17.3822609343818,0.000000000000000000000000000000000000000000000000000000000000000000112432104728479,"whiff","R","CU"
"pfx_z",0.048703037982061,0.0077881848740739,6.2534517053118,0.000000000401478754892853,"whiff","R","CU"
"pfx_total",0.0308917361194315,0.0101918720459598,3.03101687110341,0.00243731628770283,"whiff","R","CU"
"zone1",-0.253143508595417,0.562072574292376,-0.45037512978482,0.65243997460759,"whiff","R","CU"
"zone2",0.0589569747786521,0.432831840119961,0.136212194468669,0.891653535226473,"whiff","R","CU"
"zone3",0.100082938600193,0.51689824286496,0.193622129658389,0.846471769133272,"whiff","R","CU"
"zone4",-0.698249036426575,0.452202253749699,-1.54410782042026,0.122562214627794,"whiff","R","CU"
"zone6",-0.137352713712744,0.316824360917003,-0.433529521894076,0.664630123616516,"whiff","R","CU"
"zone7",-0.0607017148690278,0.391913666745606,-0.154885425081207,0.876911644082156,"whiff","R","CU"
"zone8",0.469150800217737,0.288793155040741,1.62452188366983,0.104264473783847,"whiff","R","CU"
"zone9",0.351077666744269,0.32740877913675,1.07229154841213,0.283589101667122,"whiff","R","CU"
"zone11",-0.403819615720359,0.67896200401262,-0.594760256588457,0.552003737266767,"whiff","R","CU"
"zone12",-0.26162959598366,0.552347517263818,-0.47366845655377,0.635736350438507,"whiff","R","CU"
"zone13",1.00191192906066,0.407945862216946,2.45599238000812,0.0140496136500032,"whiff","R","CU"
"zone14",0.617147069148204,0.388714071875864,1.5876633078138,0.112362494302551,"whiff","R","CU"
"dist_x",-0.308171797333749,0.120530282360608,-2.55679976266667,0.0105640007721914,"whiff","R","CU"
"dist_z",-0.609402406148626,0.206625674281917,-2.94930631571547,0.00318488133766981,"whiff","R","CU"
"dist_prop",1.04884650832807,0.420289382413355,2.49553415388575,0.012576764725114,"whiff","R","CU"
"I(dist_x^2)",-0.558225307276871,0.10728872182637,-5.20301945790978,0.000000196076330746797,"whiff","R","CU"
"I(dist_z^2)",-0.634197729278253,0.109852961059644,-5.7731509752743,0.00000000778026706422693,"whiff","R","CU"
"release_spin_rate",0.000284604652843472,0.000159260622324801,1.78703717647819,0.0739314801177939,"whiff","R","CU"
"pred",69.6136176838708,4.4955496525538,15.4850069655721,0.00000000000000000000000000000000000000000000000000000438015127085913,"whiff","R","CU"
"(Intercept)",-10.2314045244463,0.910231251077879,-11.240445230078,0.0000000000000000000000000000258077449184091,"barrel","R","CU"
"pfx_total",0.0665638067670362,0.0238877774488327,2.78652155520181,0.00532770746836138,"barrel","R","CU"
"zone1",-1.65991637844562,1.15919565096535,-1.4319553192451,0.152156608860409,"barrel","R","CU"
"zone2",-1.40571154566104,0.746178848338314,-1.8838801834057,0.0595811842919273,"barrel","R","CU"
"zone3",0.226196525420627,0.810299825316317,0.279151640360192,0.780128454312436,"barrel","R","CU"
"zone4",-0.431024808215964,0.587872290458253,-0.733194632936305,0.463439728336707,"barrel","R","CU"
"zone6",-0.0486705554463124,0.543551925017795,-0.0895416853591661,0.928651426486518,"barrel","R","CU"
"zone7",0.723205288196553,0.619957943213172,1.16653927272592,0.243396479790629,"barrel","R","CU"
"zone8",-0.733828603914102,0.547077700489048,-1.34136084007466,0.179803325337944,"barrel","R","CU"
"zone9",-0.681287375614218,0.669972051814752,-1.01688924749744,0.309206119031739,"barrel","R","CU"
"zone11",0.0675240926365964,1.2575544592606,0.0536947661704434,0.957178352779097,"barrel","R","CU"
"zone12",-12.6506265100803,662.109778830617,-0.0191065392999076,0.984756114776267,"barrel","R","CU"
"zone13",1.51580173394544,0.921116024071532,1.64561433558094,0.0998431857995343,"barrel","R","CU"
"zone14",-0.826202266516446,1.25450594624411,-0.658587764362559,0.51016052212569,"barrel","R","CU"
"dist_prop",3.20095824580538,2.20411557095604,1.4522642496541,0.146428143913055,"barrel","R","CU"
"I(dist_x^2)",-3.63028224256234,1.33841212594691,-2.71237997040258,0.00668019696272697,"barrel","R","CU"
"I(dist_z^2)",-3.15085560548428,1.30149435994244,-2.42095217809751,0.0154799135718266,"barrel","R","CU"
"pred",473.275297137741,39.7248720735691,11.9138280989615,0.0000000000000000000000000000000100266013427601,"barrel","R","CU"
"(Intercept)",-17.4527558327097,1.50848367755523,-11.569734623178,0.000000000000000000000000000000586638369327049,"benefit","R","CU"
"pfx_x",0.0256802672919191,0.00904140838070606,2.84029503044234,0.00450718274824369,"benefit","R","CU"
"pfx_total",-0.023836064142767,0.00944786748022825,-2.52290415722376,0.0116390118221577,"benefit","R","CU"
"zone1",1.67167855026782,0.260943634316522,6.40628216375684,0.000000000149110897255837,"benefit","R","CU"
"zone2",1.36236166780709,0.242042813300847,5.62859788823287,0.000000018168038711795,"benefit","R","CU"
"zone3",1.50785924462243,0.301066958428428,5.00838502004162,0.000000548886498503856,"benefit","R","CU"
"zone4",1.13079866830968,0.207354999706879,5.45344298381137,0.0000000494037914125845,"benefit","R","CU"
"zone6",0.6001655777857,0.177544821106929,3.38036093671379,0.00072390697223958,"benefit","R","CU"
"zone7",0.97868796641944,0.206205200977756,4.74618468292183,0.00000207289459176315,"benefit","R","CU"
"zone8",0.247956170863763,0.154354254778674,1.60640969190842,0.108183922787452,"benefit","R","CU"
"zone9",0.600031700587055,0.162052232996267,3.7027055381636,0.000213312417627999,"benefit","R","CU"
"zone11",-0.0153834335150827,0.30212227069149,-0.0509179064485167,0.959390936734963,"benefit","R","CU"
"zone12",0.13996986368738,0.264663316977577,0.528860082635626,0.596902514522987,"benefit","R","CU"
"zone13",0.202138211887585,0.197757037630995,1.02215432790192,0.306707863322454,"benefit","R","CU"
"zone14",0.0464536091106309,0.178948259317076,0.25959240558088,0.795178195025474,"benefit","R","CU"
"dist_x",-0.328029953145055,0.0791323643274203,-4.14533239254409,0.0000339321126504804,"benefit","R","CU"
"dist_z",-0.3372551863185,0.0895822048937934,-3.7647564794631,0.00016671147390011,"benefit","R","CU"
"dist_prop",-1.66312641489012,0.134095317978969,-12.4025688588991,0.0000000000000000000000000000000000253078011980085,"benefit","R","CU"
"I(dist_x^2)",-0.0802722678199393,0.0413079838151833,-1.94326278859522,0.0519844151096935,"benefit","R","CU"
"release_spin_rate",0.000322568083383356,0.000113626423296059,2.83884746194017,0.00452767951932975,"benefit","R","CU"
"pred",37.3052322287899,2.9571724071118,12.6151698626273,0.00000000000000000000000000000000000174181682704833,"benefit","R","CU"
"(Intercept)",-13.5041045783296,0.958453044761002,-14.0894795547307,0.00000000000000000000000000000000000000000000440798142254362,"whiff","L","CU"
"pitch_speed",0.0415779150250328,0.0104637345754133,3.97352539147244,0.0000708166049589986,"whiff","L","CU"
"zone1",0.661294327129069,0.475412212365194,1.39099145947283,0.164228016593971,"whiff","L","CU"
"zone2",0.143350674559195,0.495021542860724,0.289584719345289,0.772133958527198,"whiff","L","CU"
"zone3",1.37153165708949,0.520881768380232,2.63309591609339,0.00846104493050943,"whiff","L","CU"
"zone4",-0.22343007686509,0.299708844726088,-0.745490434455774,0.455975291672684,"whiff","L","CU"
"zone6",-0.401681632637203,0.319067736520265,-1.25892275106822,0.208058235308781,"whiff","L","CU"
"zone7",-0.376107093570635,0.319128722305531,-1.17854353833609,0.238579985786608,"whiff","L","CU"
"zone8",-0.162961774417446,0.254895114319389,-0.639328748424937,0.522609090218205,"whiff","L","CU"
"zone9",-0.189318613284672,0.303759809082426,-0.623251028029518,0.533119573794819,"whiff","L","CU"
"zone11",0.270205075019946,0.545806347443326,0.495056674012027,0.620560115771499,"whiff","L","CU"
"zone12",0.590279743784653,0.661470927538471,0.892374432813334,0.37219227037192,"whiff","L","CU"
"zone13",0.318430599075831,0.353471435092592,0.900866569295532,0.367659267922562,"whiff","L","CU"
"zone14",0.342447410358594,0.35283204013327,0.97056778128553,0.331763556468685,"whiff","L","CU"
"dist_x",-0.351001963868009,0.0954741912652744,-3.67640677775162,0.000236542238682313,"whiff","L","CU"
"dist_z",-1.3965725026575,0.244730035871543,-5.70658398215801,0.0000000115266046669286,"whiff","L","CU"
"dist_prop",1.0043237017303,0.452704312202825,2.2184981999472,0.0265208821862436,"whiff","L","CU"
"I(dist_x^2)",-0.728840912096558,0.132973565129441,-5.48109627193253,0.000000042269837730361,"whiff","L","CU"
"I(dist_z^2)",-0.926724378569982,0.119517796054656,-7.75386100783005,0.00000000000000891398919628679,"whiff","L","CU"
"release_spin_rate",0.000487302491020663,0.000127156578035442,3.8323026503972,0.000126949427915685,"whiff","L","CU"
"pred",62.0898977600113,3.9398654196674,15.7593956001809,0.0000000000000000000000000000000000000000000000000000000591963973251297,"whiff","L","CU"
"(Intercept)",-6.1795200472149,0.466432794785358,-13.2484681958493,0.000000000000000000000000000000000000000460506747456452,"barrel","L","CU"
"pfx_total",-0.06455875320371,0.0203620517926225,-3.17054262808135,0.00152154505959007,"barrel","L","CU"
"dist_z",-1.09092568729939,0.357261748105996,-3.05357540537959,0.00226131883499529,"barrel","L","CU"
"I(dist_x^2)",-1.6369979211218,0.304427943825773,-5.37729191528709,0.0000000756145236836451,"barrel","L","CU"
"I(dist_z^2)",-1.76624580032346,0.330365141397918,-5.34634432933725,0.0000000897483998575899,"barrel","L","CU"
"pred",328.802172962203,27.5831213871134,11.9204120645975,0.00000000000000000000000000000000926491630802712,"barrel","L","CU"
"(Intercept)",-8.14782216803484,1.11689807609067,-7.29504539622234,0.000000000000298558395189254,"benefit","L","CU"
"pitch_speed",-0.0126947177234877,0.00840714470376494,-1.50999158106589,0.131045572416397,"benefit","L","CU"
"pfx_total",-0.0150242037442889,0.00688289857874659,-2.18283090654299,0.0290482647416503,"benefit","L","CU"
"zone1",2.11386263072532,0.219084612684435,9.64861294832282,0.000000000000000000000498250721462987,"benefit","L","CU"
"zone2",1.27869092725433,0.223550712361898,5.71991434849155,0.0000000106577765171203,"benefit","L","CU"
"zone3",1.31486565192004,0.319085866699236,4.12072670444975,0.0000377679225139572,"benefit","L","CU"
"zone4",1.32369548763889,0.160614566424589,8.24144109158603,0.000000000000000170148701478006,"benefit","L","CU"
"zone6",0.43356714594486,0.167586034240264,2.58713172556649,0.00967785869296733,"benefit","L","CU"
"zone7",1.03226691961674,0.15706067391469,6.57240857235482,0.0000000000495077876508972,"benefit","L","CU"
"zone8",0.187688295955422,0.133656844844473,1.40425502467773,0.160242921839395,"benefit","L","CU"
"zone9",0.402010444002815,0.148961511965727,2.69875378342904,0.00695996482928492,"benefit","L","CU"
"zone11",0.240577943109866,0.223800319623629,1.07496693264091,0.282389533265488,"benefit","L","CU"
"zone12",-0.401776775714713,0.299988340174572,-1.33930797270623,0.180470434329292,"benefit","L","CU"
"zone13",0.152197381478921,0.159824922891141,0.952275644660158,0.34095720631943,"benefit","L","CU"
"zone14",-0.15440231313897,0.159029973679867,-0.970900702340475,0.331597728394725,"benefit","L","CU"
"dist_x",-0.222376671078904,0.055600230053403,-3.99956386628824,0.000063459321292777,"benefit","L","CU"
"dist_z",-0.460509123810573,0.0803954173200899,-5.7280519109327,0.0000000101590482609305,"benefit","L","CU"
"dist_prop",-1.92677132221486,0.112206635477093,-17.1716344048852,0.00000000000000000000000000000000000000000000000000000000000000000433052490246294,"benefit","L","CU"
"I(dist_x^2)",-0.0910537257669651,0.0377008199206836,-2.41516566373165,0.0157280543693703,"benefit","L","CU"
"release_spin_rate",0.00018734689356727,0.000103484578603035,1.8103846592054,0.0702361566025033,"benefit","L","CU"
"pred",22.3340509479092,1.75014218705428,12.7612779767913,0.000000000000000000000000000000000000269739037717345,"benefit","L","CU"
"(Intercept)",-9.40753508493497,0.597049430082519,-15.7567106020598,0.0000000000000000000000000000000000000000000000000000000617651982326004,"whiff","R","FC"
"pfx_x",0.129833130899641,0.0201142841275138,6.45477264199752,0.000000000108381491144089,"whiff","R","FC"
"pfx_z",0.119696336858534,0.0313943372440327,3.81267283740112,0.000137472031384855,"whiff","R","FC"
"pfx_total",-0.132948579379318,0.0365572771127405,-3.63671996055156,0.000276131852139418,"whiff","R","FC"
"zone1",-0.7651794982499,0.385128850529591,-1.9868142757877,0.0469429820280954,"whiff","R","FC"
"zone2",-0.107075888112722,0.236712250884302,-0.452346203936262,0.651019595317915,"whiff","R","FC"
"zone3",-1.04767191304597,0.291838466760275,-3.58990343074465,0.000330800490435061,"whiff","R","FC"
"zone4",-1.8108426007728,0.490045297530222,-3.69525554045567,0.000219665743690852,"whiff","R","FC"
"zone6",-1.20909010941977,0.245061715706329,-4.93381883798075,0.000000806372376338982,"whiff","R","FC"
"zone7",-1.85172258975439,0.545577194130736,-3.39406157309182,0.000688642074297595,"whiff","R","FC"
"zone8",-1.14525251634352,0.261176691786781,-4.38497213709438,0.0000116000625394281,"whiff","R","FC"
"zone9",-1.04454791074242,0.272925200810501,-3.82723144524743,0.000129592651540904,"whiff","R","FC"
"zone11",-1.38658117404737,0.452802972258469,-3.06221747426138,0.00219703767399076,"whiff","R","FC"
"zone12",-1.7855745880727,0.338129906905588,-5.2807354558296,0.000000128666355935353,"whiff","R","FC"
"zone13",-1.68043380139858,0.505250648934075,-3.32594090664463,0.000881206086946795,"whiff","R","FC"
"zone14",-0.9116899142267,0.32367705850676,-2.8166652231476,0.00485250767919325,"whiff","R","FC"
"dist_x",-0.237315329446561,0.157199565821499,-1.50964366985614,0.131134371943586,"whiff","R","FC"
"dist_prop",3.13915553446717,0.403231726871153,7.78499142124855,0.00000000000000697179378980611,"whiff","R","FC"
"I(dist_x^2)",-1.00228494382198,0.108501508608711,-9.23752081122222,0.0000000000000000000252274508427564,"whiff","R","FC"
"I(dist_z^2)",-1.04646535930235,0.108533437851905,-9.6418705609442,0.000000000000000000000532093977016927,"whiff","R","FC"
"release_spin_rate",0.000282014367712551,0.000186264933732945,1.51404970361671,0.130013233769709,"whiff","R","FC"
"pred",48.6239771424891,2.97293868962863,16.3555263726488,0.0000000000000000000000000000000000000000000000000000000000039726085949659,"whiff","R","FC"
"(Intercept)",-6.99536787900997,0.396675063073441,-17.6350079201092,0.00000000000000000000000000000000000000000000000000000000000000000000132677585033043,"barrel","R","FC"
"I(dist_x^2)",-1.63460643901725,0.229168332132669,-7.13277626016386,0.000000000000983643823424956,"barrel","R","FC"
"I(dist_z^2)",-1.62898499913601,0.281633461759902,-5.78406056211017,0.00000000729186707040009,"barrel","R","FC"
"pred",254.877014863646,19.8647484007372,12.83061882899,0.00000000000000000000000000000000000011047820619521,"barrel","R","FC"
"(Intercept)",-7.95946638970935,1.38255864184277,-5.75705517930177,0.00000000855939386990718,"benefit","R","FC"
"pitch_speed",-0.0400132423043277,0.0108009955893483,-3.704588338485,0.000211734311169911,"benefit","R","FC"
"pfx_x",0.0497565240892759,0.0128575563577568,3.86982741547608,0.000108912424878288,"benefit","R","FC"
"pfx_z",0.089716709791648,0.0223099940540696,4.02136861059731,0.0000578609788226392,"benefit","R","FC"
"pfx_total",-0.0729327185755291,0.0244950505236509,-2.97744715836,0.00290659743695181,"benefit","R","FC"
"zone1",1.56108773110334,0.302057721785617,5.1681768698875,0.000000236388552232742,"benefit","R","FC"
"zone2",0.876697913790761,0.20298858385796,4.31895182048378,0.0000156771998587804,"benefit","R","FC"
"zone3",0.818683277758983,0.231484740014435,3.53666197481498,0.000405217936720148,"benefit","R","FC"
"zone4",1.25144454119733,0.266370615413039,4.69813285995087,0.0000026255062821278,"benefit","R","FC"
"zone6",0.598797964219497,0.17896725434629,3.3458521024235,0.000820301368155727,"benefit","R","FC"
"zone7",0.952717365356988,0.302817263694039,3.1461791634165,0.00165418639716643,"benefit","R","FC"
"zone8",0.74495110219913,0.189679970471242,3.92741047116555,0.0000858653677586821,"benefit","R","FC"
"zone9",0.877488777848453,0.215895878386993,4.06440727078429,0.0000481546784767698,"benefit","R","FC"
"zone11",0.142801099480965,0.327781259748231,0.435659743301527,0.663083617654771,"benefit","R","FC"
"zone12",-0.0220228803829279,0.25452763933041,-0.0865245143547623,0.931049469506783,"benefit","R","FC"
"zone13",-0.0223485317215738,0.320052709138583,-0.0698276598930362,0.944330831495195,"benefit","R","FC"
"zone14",0.0751007577540771,0.249652012085227,0.300821760364739,0.763550414169825,"benefit","R","FC"
"dist_x",-0.35116517112329,0.105142188180899,-3.33990738826078,0.00083806332406206,"benefit","R","FC"
"dist_z",-0.139915481370245,0.0754454120010211,-1.85452604286065,0.063663937846931,"benefit","R","FC"
"dist_prop",-0.482530980439849,0.315277366391475,-1.53049673677082,0.125893820587716,"benefit","R","FC"
"I(dist_x^2)",-0.455430117381089,0.0888698472701279,-5.12468662173761,0.000000298033025155125,"benefit","R","FC"
"I(dist_z^2)",-0.574292831478499,0.0939359215205416,-6.11366580731221,0.000000000973681033186635,"benefit","R","FC"
"release_spin_rate",0.000288535857360135,0.00015239228413892,1.89337576367782,0.0583079161495002,"benefit","R","FC"
"pred",22.5155377179604,2.02149540709906,11.1380602888786,0.0000000000000000000000000000818833210316329,"benefit","R","FC"
"(Intercept)",-12.4783541647328,1.29555582789002,-9.63166070971666,0.000000000000000000000587718362122467,"whiff","L","FC"
"pitch_speed",0.0397912597110627,0.0136779084643079,2.90916259711028,0.00362398326176012,"whiff","L","FC"
"pfx_x",0.0299331281865182,0.0125609400413138,2.38303248706435,0.01717067894884,"whiff","L","FC"
"pfx_z",-0.0798990297026578,0.0121437561202724,-6.57943299514036,0.0000000000472245663432736,"whiff","L","FC"
"zone1",0.842202945426246,0.300453812416498,2.80310287512265,0.00506135219117026,"whiff","L","FC"
"zone2",0.441421904771302,0.230489163882871,1.91515252749852,0.0554730546233538,"whiff","L","FC"
"zone3",-0.417856087250786,0.292862612727546,-1.42679901459297,0.153637835315567,"whiff","L","FC"
"zone4",0.228298430459744,0.276643455038978,0.825244285745266,0.409232915565183,"whiff","L","FC"
"zone6",-1.01230895831854,0.273214569526354,-3.70517926651379,0.000211241278052148,"whiff","L","FC"
"zone7",-0.517291252509553,0.367523803517827,-1.40750407880577,0.159277968627285,"whiff","L","FC"
"zone8",-0.233469092931414,0.264183187228608,-0.883739405904676,0.376836902968153,"whiff","L","FC"
"zone9",0.0514886235678425,0.289025432647196,0.178145650008223,0.858608591853264,"whiff","L","FC"
"zone11",0.334354025067996,0.348982330165498,0.958082963425213,0.338020925506522,"whiff","L","FC"
"zone12",-0.280319931184981,0.333679559329525,-0.840087213457841,0.400859488805834,"whiff","L","FC"
"zone13",-0.0769815441425676,0.392428215980141,-0.196167199522838,0.844479300231638,"whiff","L","FC"
"zone14",0.701873509636459,0.329477140300393,2.13026466417835,0.0331497690992237,"whiff","L","FC"
"dist_x",-0.340189245826702,0.104784625575024,-3.24655686805056,0.00116810108747703,"whiff","L","FC"
"dist_prop",1.33097048583501,0.422061325137883,3.15350022985451,0.00161325101419073,"whiff","L","FC"
"I(dist_x^2)",-0.76716448943723,0.12625700029387,-6.07621349827428,0.0000000012305355394886,"whiff","L","FC"
"I(dist_z^2)",-0.625550099458771,0.123386065109031,-5.06986018968998,0.000000398108040076008,"whiff","L","FC"
"pred",62.869249292175,4.16950965287374,15.0783316327962,0.00000000000000000000000000000000000000000000000000224879881521613,"whiff","L","FC"
"(Intercept)",4.83237478307147,2.7445928777595,1.76068910701841,0.0782910374378376,"barrel","L","FC"
"pitch_speed",-0.11161113389857,0.0331389077830805,-3.36797865002523,0.000757214596567912,"barrel","L","FC"
"pfx_x",-0.0967871374193129,0.0255330845657273,-3.79065589079781,0.00015024999514877,"barrel","L","FC"
"dist_x",-0.99618434272213,0.200619000090426,-4.96555332382832,0.000000685054660751149,"barrel","L","FC"
"dist_z",-0.459729675988848,0.154176038217608,-2.98184906878963,0.00286513211418778,"barrel","L","FC"
"I(dist_x^2)",-1.27824782656106,0.176790541239244,-7.23029534046877,0.000000000000481944774897778,"barrel","L","FC"
"I(dist_z^2)",-1.36082033371467,0.205224067023831,-6.63090032981684,0.0000000000333645477667117,"barrel","L","FC"
"release_spin_rate",-0.000698019745396927,0.000475782813399876,-1.46709743550629,0.142349551673555,"barrel","L","FC"
"pred",223.063816707615,16.0220062248855,13.9223399102886,0.0000000000000000000000000000000000000000000463478355981222,"barrel","L","FC"
"(Intercept)",-9.55396997774808,1.29003762705623,-7.4059622582866,0.000000000000130202862625793,"benefit","L","FC"
"pitch_speed",-0.0157806087771605,0.00952672467300357,-1.65645689560852,0.0976293272734934,"benefit","L","FC"
"pfx_x",0.0122857343321435,0.00838501775325622,1.46520075373395,0.142866154028187,"benefit","L","FC"
"zone1",1.00101610162305,0.18023986245404,5.55379974215359,0.0000000279525700084898,"benefit","L","FC"
"zone2",0.765209097588814,0.142507256509444,5.3696149679094,0.0000000789049222415087,"benefit","L","FC"
"zone3",0.632702310288698,0.143182581523714,4.41884972009609,0.00000992276125506792,"benefit","L","FC"
"zone4",1.05996069025779,0.174937352874086,6.05908728378163,0.00000000136896097699805,"benefit","L","FC"
"zone6",0.271266464761139,0.137230669070915,1.97671895500969,0.0480734070036963,"benefit","L","FC"
"zone7",1.34519798580538,0.188341141961062,7.1423480382395,0.000000000000917499261076732,"benefit","L","FC"
"zone8",0.42932620313141,0.148264223832677,2.8956830719724,0.00378334279314031,"benefit","L","FC"
"zone9",0.540934567065914,0.152353498984799,3.55052276889212,0.000384466877864758,"benefit","L","FC"
"zone11",-0.273871851735823,0.174547290043051,-1.56904098406956,0.116638389605417,"benefit","L","FC"
"zone12",-0.17967367665418,0.1463270278639,-1.22789124659387,0.219487795908154,"benefit","L","FC"
"zone13",-0.233351471159507,0.193609073135481,-1.20527136141091,0.228098561570786,"benefit","L","FC"
"zone14",0.200160282297159,0.154891284900475,1.29226303743152,0.196266067794925,"benefit","L","FC"
"dist_x",-0.339684800189163,0.0701632392446385,-4.84135002668252,0.00000128959985053412,"benefit","L","FC"
"I(dist_x^2)",-0.713039525550422,0.0361881630923593,-19.7036672939327,0.00000000000000000000000000000000000000000000000000000000000000000000000000000000000002005533421436,"benefit","L","FC"
"I(dist_z^2)",-0.787758350299372,0.0385162096503292,-20.4526446774245,0.00000000000000000000000000000000000000000000000000000000000000000000000000000000000000000000569049079843621,"benefit","L","FC"
"release_spin_rate",0.00034747678489057,0.000152148680085809,2.2837975636371,0.0223834309329523,"benefit","L","FC"
"pred",21.3781616743312,1.97836281246975,10.8059864144146,0.00000000000000000000000000322472230226206,"benefit","L","FC"
"(Intercept)",-9.60084855756661,1.32357986211317,-7.25369796895996,0.000000000000405543908029206,"whiff","R","SI"
"pitch_speed",0.0266103699953028,0.0150667469401999,1.76616558975337,0.0773680721605392,"whiff","R","SI"
"pfx_x",0.0784568355876853,0.030176552047541,2.59992710446449,0.00932435651073899,"whiff","R","SI"
"pfx_z",-0.0926801026030823,0.0180552769167882,-5.13313105250167,0.000000284961338005369,"whiff","R","SI"
"pfx_total",0.114707715974787,0.0359752782291898,3.18851504758383,0.00143005566684739,"whiff","R","SI"
"zone1",-0.436151008762223,0.25654590508219,-1.70008953611048,0.0891140852216186,"whiff","R","SI"
"zone2",0.064446949799496,0.214853649787126,0.299957435507142,0.764209622987272,"whiff","R","SI"
"zone3",0.43600269068429,0.287397464860245,1.51707215265907,0.129248468155312,"whiff","R","SI"
"zone4",-0.999316122636886,0.224404170723506,-4.45319763627819,0.00000846008150827716,"whiff","R","SI"
"zone6",0.117863570967461,0.238513637418519,0.494158624400359,0.621194158008611,"whiff","R","SI"
"zone7",-0.162280242728259,0.243526844700983,-0.666375170784629,0.505171328744283,"whiff","R","SI"
"zone8",-0.359985085076184,0.213729072338448,-1.68430565452572,0.0921226131745437,"whiff","R","SI"
"zone9",-0.393704569146544,0.291974871763424,-1.34841935803828,0.177523541236219,"whiff","R","SI"
"zone11",-0.450840618523478,0.291796619453901,-1.54505086236855,0.122333961141518,"whiff","R","SI"
"zone12",-0.356222481413233,0.375384963937012,-0.948952450511593,0.342644796331197,"whiff","R","SI"
"zone13",0.226745305549393,0.283169491714657,0.800740588883349,0.423281839603889,"whiff","R","SI"
"zone14",-0.49711941793236,0.333647245834265,-1.48995510719515,0.136236040301372,"whiff","R","SI"
"dist_x",0.49764854061815,0.103873555936777,4.79090694575861,0.00000166029118430511,"whiff","R","SI"
"dist_z",0.185319147938163,0.0751548505132026,2.46583083690131,0.0136695874397558,"whiff","R","SI"
"dist_prop",1.39913228841769,0.368855115179616,3.79317577780201,0.000148732791888492,"whiff","R","SI"
"I(dist_x^2)",-0.717326360640962,0.110633323287577,-6.48381825045933,0.0000000000894299444768597,"whiff","R","SI"
"I(dist_z^2)",-0.471973079188841,0.111249050106585,-4.24249086834137,0.0000221052538602097,"whiff","R","SI"
"release_spin_rate",0.000691745645137439,0.000211448507173535,3.27146147487211,0.00106993164824991,"whiff","R","SI"
"pred",39.1310966301372,2.21379845360003,17.6759978156562,0.000000000000000000000000000000000000000000000000000000000000000000000641945172335266,"whiff","R","SI"
"(Intercept)",5.98197483233439,2.69411268640155,2.22038775977272,0.0263924572159087,"barrel","R","SI"
"pitch_speed",-0.126071538038531,0.0294320747834836,-4.28347437161578,0.0000183997301149775,"barrel","R","SI"
"pfx_x",0.042185142639564,0.0215976751413409,1.95322609324815,0.0507928104899982,"barrel","R","SI"
"pfx_z",0.0353175241895749,0.0160170210836683,2.20499954424023,0.027454126514347,"barrel","R","SI"
"dist_x",0.632507818951414,0.127869743911583,4.94650102207734,0.000000755593311250765,"barrel","R","SI"
"I(dist_x^2)",-0.901842158909852,0.112909190056426,-7.98732289602965,0.0000000000000013790055744674,"barrel","R","SI"
"I(dist_z^2)",-1.258158857019,0.17646097729042,-7.12995516820875,0.00000000000100401623983893,"barrel","R","SI"
"pred",167.706645435674,11.0087560859644,15.2339323467701,0.000000000000000000000000000000000000000000000000000210538267826099,"barrel","R","SI"
"(Intercept)",-3.97659882425376,0.907599977711165,-4.3814443828901,0.0000117895139891643,"benefit","R","SI"
"pitch_speed",-0.0287847002920355,0.00829715527665973,-3.46922521421386,0.000521961705438965,"benefit","R","SI"
"pfx_x",0.0351736032439435,0.0188223038924995,1.8687193366355,0.0616618723279563,"benefit","R","SI"
"pfx_z",-0.0385062141706857,0.012161687769452,-3.16618999769147,0.00154449875318771,"benefit","R","SI"
"pfx_total",0.0774907707178761,0.0227598440578808,3.40471448401881,0.000662332641510256,"benefit","R","SI"
"zone1",-0.0271763144282608,0.143183631309051,-0.189800427463687,0.849465520917242,"benefit","R","SI"
"zone2",-0.00894386205466747,0.11805502174455,-0.0757601152623597,0.939609948299178,"benefit","R","SI"
"zone3",0.520949476553571,0.160921032581862,3.23729886762043,0.001206669662567,"benefit","R","SI"
"zone4",-0.535817790858045,0.115234698751496,-4.64979556212957,0.00000332264215084225,"benefit","R","SI"
"zone6",0.539247633998069,0.129422691752481,4.16656172651216,0.0000309228189957901,"benefit","R","SI"
"zone7",0.0731183465711194,0.138685177099619,0.527225389910254,0.598037078995379,"benefit","R","SI"
"zone8",0.213226060851035,0.112310913310848,1.89853376279543,0.0576258045317343,"benefit","R","SI"
"zone9",0.710638265116688,0.146435231861891,4.85291863222451,0.00000121657615050591,"benefit","R","SI"
"zone11",-0.444818170223864,0.157730003472406,-2.82012401211722,0.00480050933913892,"benefit","R","SI"
"zone12",-0.514791285938053,0.181263134043412,-2.8400219860193,0.00451104246189481,"benefit","R","SI"
"zone13",-0.506087177908755,0.154414431423945,-3.27746035938372,0.00104745437114868,"benefit","R","SI"
"zone14",-0.830803459476912,0.16610854879889,-5.00156954885433,0.000000568654452576728,"benefit","R","SI"
"dist_x",0.466485180078592,0.0507314875616946,9.19518039977241,0.0000000000000000000374365895277592,"benefit","R","SI"
"dist_prop",1.38187312017178,0.223358287658651,6.186800295871,0.000000000613976654317769,"benefit","R","SI"
"I(dist_x^2)",-1.17586668148345,0.0745527451602219,-15.772278793442,0.0000000000000000000000000000000000000000000000000000000482760531762493,"benefit","R","SI"
"I(dist_z^2)",-1.56355243320746,0.0818243701277383,-19.1086400147847,0.00000000000000000000000000000000000000000000000000000000000000000000000000000000213972819800731,"benefit","R","SI"
"release_spin_rate",0.000215384954679561,0.000117674255342864,1.83034899224133,0.0671977698101345,"benefit","R","SI"
"pred",12.164351972632,0.943814237678556,12.8885022995117,0.0000000000000000000000000000000000000522486436415522,"benefit","R","SI"
"(Intercept)",-13.627584121854,1.78152432854963,-7.64939546626818,0.0000000000000201926347606193,"whiff","L","SI"
"pitch_speed",0.0593217292227428,0.0189819108447558,3.12517162828903,0.00177701346642244,"whiff","L","SI"
"pfx_x",0.179492647546146,0.0358720511991367,5.0036906601668,0.000000562429848218536,"whiff","L","SI"
"pfx_z",-0.0718746538665137,0.0233822165758487,-3.0739024948025,0.00211278473271607,"whiff","L","SI"
"pfx_total",0.210311417954699,0.0444159024156874,4.73504773102208,0.00000219003552238649,"whiff","L","SI"
"dist_x",0.570956772074109,0.0733763577976384,7.78120895082756,0.00000000000000718347335600868,"whiff","L","SI"
"dist_z",0.276321959508698,0.0575853796826083,4.79847421397053,0.00000159878886269827,"whiff","L","SI"
"dist_prop",1.61773897640273,0.329669175249582,4.90715874536342,0.00000092405240274442,"whiff","L","SI"
"I(dist_x^2)",-1.03977560662517,0.133761255284821,-7.77336908517455,0.00000000000000764256361962128,"whiff","L","SI"
"I(dist_z^2)",-0.774895414194745,0.137782021033908,-5.62406770041531,0.0000000186512498712425,"whiff","L","SI"
"pred",76.671470898683,4.67485037880717,16.400839531948,0.00000000000000000000000000000000000000000000000000000000000188613416044566,"whiff","L","SI"
"(Intercept)",-0.798747560516863,2.94289587119635,-0.271415502102749,0.786071480425657,"barrel","L","SI"
"pitch_speed",-0.0813494701026322,0.0334547070702602,-2.4316300223997,0.0150310523041343,"barrel","L","SI"
"pfx_z",0.0526557260661295,0.0190200346041133,2.76843481950038,0.00563262511763226,"barrel","L","SI"
"dist_prop",1.57535570331302,0.854326163866332,1.84397454970079,0.0651868492882034,"barrel","L","SI"
"I(dist_x^2)",-2.73843581664555,0.582307786026337,-4.70272917924146,0.00000256706820298924,"barrel","L","SI"
"I(dist_z^2)",-2.10168764314505,0.560618822806465,-3.74887099334977,0.000177632423746726,"barrel","L","SI"
"release_spin_rate",0.000923608431005752,0.000502106538630418,1.83946704523118,0.0658465207137958,"barrel","L","SI"
"pred",163.568652299587,12.7264785184943,12.8526247116896,0.0000000000000000000000000000000000000831406367080259,"barrel","L","SI"
"(Intercept)",-5.16371947598775,1.29011715492735,-4.00251981478265,0.0000626714172231783,"benefit","L","SI"
"pitch_speed",-0.023794527533996,0.0101308409573214,-2.34872185184192,0.0188379732072147,"benefit","L","SI"
"pfx_x",0.0538481183840812,0.0233615755931497,2.30498658660125,0.021167324651783,"benefit","L","SI"
"pfx_z",-0.0276559509871864,0.0140550971696163,-1.9676812371651,0.0491047260018408,"benefit","L","SI"
"pfx_total",0.0819108128110733,0.0280521621609632,2.91994650327021,0.0035009147777996,"benefit","L","SI"
"zone1",0.12772981170134,0.191540898708316,0.666853985559769,0.504865405273244,"benefit","L","SI"
"zone2",-0.0604929586256251,0.153043082452076,-0.395267513280569,0.69264547210353,"benefit","L","SI"
"zone3",0.523103958063884,0.204990961064534,2.5518391413327,0.0107155979203142,"benefit","L","SI"
"zone4",0.123213004594781,0.162281358676271,0.759255441289308,0.447699766884779,"benefit","L","SI"
"zone6",0.328649677182826,0.1679440814862,1.95689942911046,0.0503592937044162,"benefit","L","SI"
"zone7",0.523247492501409,0.19338932334789,2.70566897615197,0.00681669580560462,"benefit","L","SI"
"zone8",0.296402311792946,0.152508009612069,1.94351963904648,0.0519534048544576,"benefit","L","SI"
"zone9",0.570287722531274,0.199008588003161,2.86564378077098,0.00416162240730354,"benefit","L","SI"
"zone11",-0.810100405213387,0.207661071570793,-3.90107013840203,0.0000957683964336613,"benefit","L","SI"
"zone12",-0.845730241311749,0.229045035232073,-3.69241900596029,0.000222131095018654,"benefit","L","SI"
"zone13",-0.522045505936738,0.206710065410273,-2.52549630275911,0.0115534997163363,"benefit","L","SI"
"zone14",-0.855928228194283,0.219805336521344,-3.89402842415143,0.0000985930894376613,"benefit","L","SI"
"dist_x",0.331500933471894,0.0692934669973158,4.7840142489152,0.00000171828495095709,"benefit","L","SI"
"dist_prop",1.71698094006383,0.328506312658625,5.22662997300776,0.000000172627484296595,"benefit","L","SI"
"I(dist_x^2)",-1.52664274855568,0.122856201402748,-12.4262571292679,0.0000000000000000000000000000000000188243753725469,"benefit","L","SI"
"I(dist_z^2)",-1.60931071703996,0.127875812620562,-12.5849500703872,0.0000000000000000000000000000000000025550428593592,"benefit","L","SI"
"pred",14.3736474798179,1.59922517687669,8.98788218672863,0.000000000000000000252040005703102,"benefit","L","SI"
"(Intercept)",-15.1387104524891,2.83648715060625,-5.33713345017392,0.0000000944275413750861,"whiff","R","FS"
"pitch_speed",-0.097920614133499,0.0256418592413138,-3.8187798011047,0.000134113408492096,"whiff","R","FS"
"pfx_z",-0.0757962424212873,0.0175364203667683,-4.32221860767673,0.0000154468024326567,"whiff","R","FS"
"dist_z",-1.14952683869045,0.240923650817795,-4.77133247312364,0.0000018301116198817,"whiff","R","FS"
"dist_prop",3.61307358920322,0.642333291855066,5.62492032565932,0.0000000185593615634211,"whiff","R","FS"
"I(dist_x^2)",-1.50359748053294,0.229833025000125,-6.54212979415,0.0000000000606488291883305,"whiff","R","FS"
"I(dist_z^2)",-1.66457764713383,0.196542285640173,-8.46931051866019,0.0000000000000000246849812305442,"whiff","R","FS"
"pred",119.490198899408,10.6405256654119,11.2297270507812,0.000000000000000000000000000029137725618938,"whiff","R","FS"
"(Intercept)",-11.1831941029834,1.23486884575408,-9.05617964323516,0.000000000000000000135099489513174,"barrel","R","FS"
"pfx_x",0.168275456858344,0.0563427754804274,2.98663769087486,0.00282063786673981,"barrel","R","FS"
"dist_x",1.4731340374998,0.568349105329315,2.59195276932165,0.00954328723046764,"barrel","R","FS"
"dist_z",-1.05431843876327,0.606639275350589,-1.73796600649365,0.0822168037412324,"barrel","R","FS"
"I(dist_x^2)",-1.71497628685839,0.501546817869581,-3.41937427525329,0.000627653297026483,"barrel","R","FS"
"I(dist_z^2)",-2.41398684197281,0.634037875104694,-3.80732277480144,0.000140479343414683,"barrel","R","FS"
"pred",881.675401000089,102.313439932857,8.61739573587485,0.00000000000000000684940851011796,"barrel","R","FS"
"(Intercept)",-29.8121869155924,4.03918417084996,-7.38074463916287,0.000000000000157406658032453,"benefit","R","FS"
"pitch_speed",-0.0881444538035243,0.0212038164873337,-4.15700889772265,0.0000322441437147701,"benefit","R","FS"
"pfx_z",-0.0676383910927834,0.0145198534211844,-4.65833842331352,0.00000318771861349973,"benefit","R","FS"
"dist_x",0.135071282633833,0.0672780022532311,2.00765893917943,0.0446795467634126,"benefit","R","FS"
"dist_z",-0.267443370585868,0.104496580857353,-2.55935044373319,0.0104867967373259,"benefit","R","FS"
"I(dist_x^2)",-0.624478478057643,0.0551052223226104,-11.3324736156887,0.00000000000000000000000000000906090810911246,"benefit","R","FS"
"I(dist_z^2)",-0.488844520847833,0.0527951918561391,-9.25926213470118,0.0000000000000000000205849789630431,"benefit","R","FS"
"release_spin_rate",0.000618146417825053,0.000234844617096584,2.63215067676356,0.00848462246457345,"benefit","R","FS"
"pred",79.7654504040934,7.84208311230309,10.1714620033742,0.00000000000000000000000265887397816784,"benefit","R","FS"
"(Intercept)",-19.4182294968946,1.38884787793381,-13.9815380830499,0.000000000000000000000000000000000000000000020207317710099,"whiff","L","FS"
"zone1",2.07482288304191,0.857105262268781,2.42073287188764,0.0154892548058273,"whiff","L","FS"
"zone2",2.0487750462397,0.983513440414913,2.08311850357163,0.0372404231523954,"whiff","L","FS"
"zone3",-9.46185051915184,300.786947268127,-0.0314569851022071,0.974905096068985,"whiff","L","FS"
"zone4",0.267882242556919,0.59668752365123,0.448948958942032,0.653468476965922,"whiff","L","FS"
"zone6",0.66593744944288,0.836977089340919,0.795645971584809,0.426237838262532,"whiff","L","FS"
"zone7",-0.212687642942998,0.628713172245464,-0.338290419752746,0.735144342528731,"whiff","L","FS"
"zone8",0.227967269841966,0.579788930361777,0.393190104025819,0.694179078196102,"whiff","L","FS"
"zone9",-0.180460835489931,0.706948953607878,-0.255267137137637,0.798516780084419,"whiff","L","FS"
"zone11",0.855478812997752,0.78430055356364,1.09075380491662,0.27538122825143,"whiff","L","FS"
"zone12",-6.48841843211178,590.825527249704,-0.0109819534411714,0.991237845026324,"whiff","L","FS"
"zone13",0.421957521403774,0.690206381006743,0.611349783217452,0.540968039804345,"whiff","L","FS"
"zone14",0.674604092085788,0.715559815559901,0.942764081236079,0.34580158780911,"whiff","L","FS"
"dist_x",0.433660559102616,0.186875102833163,2.32059034364667,0.0203089638511499,"whiff","L","FS"
"dist_z",-2.36117228161982,0.408424384699908,-5.78117362741382,0.00000000741812802043383,"whiff","L","FS"
"dist_prop",1.89137825393898,0.840027798326278,2.25156626686341,0.0243496948079402,"whiff","L","FS"
"I(dist_x^2)",-0.978635365338641,0.242121441067105,-4.04191946415604,0.0000530154422193988,"whiff","L","FS"
"I(dist_z^2)",-1.71703931847917,0.249763428711969,-6.87466266512255,0.00000000000621367195135594,"whiff","L","FS"
"release_spin_rate",-0.000677813233163729,0.000228274845153717,-2.96928569903223,0.00298492932072544,"whiff","L","FS"
"pred",100.562436394106,7.28431199840563,13.8053444740034,0.000000000000000000000000000000000000000000236638624526005,"whiff","L","FS"
"(Intercept)",-10.0534184001149,1.46923976503421,-6.84259890003781,0.00000000000777691778524465,"barrel","L","FS"
"pfx_total",-0.084422599191563,0.057533626060128,-1.46736100212654,0.142277877246025,"barrel","L","FS"
"dist_x",1.33947760849184,0.840730989143569,1.59322973196971,0.11110866360808,"barrel","L","FS"
"dist_prop",-4.21391692945974,0.98237270373874,-4.2895297410263,0.0000179051836083679,"barrel","L","FS"
"pred",853.847861436304,111.26024849401,7.67432998751816,0.0000000000000166285505535623,"barrel","L","FS"
"(Intercept)",-21.9065197989633,2.99782319232696,-7.30747558929888,0.000000000000272207755761149,"benefit","L","FS"
"pitch_speed",-0.0434240738328384,0.0184113120370632,-2.35855400991645,0.0183462898598098,"benefit","L","FS"
"pfx_x",-0.0329528096890366,0.0140535246633192,-2.34480747559692,0.0190369067081749,"benefit","L","FS"
"pfx_z",-0.0243216424506943,0.0123506248181842,-1.96926413106523,0.0489227678680472,"benefit","L","FS"
"zone1",1.07269029955092,0.390499902911285,2.74696687900232,0.00601492083942817,"benefit","L","FS"
"zone2",2.1337729544291,0.680839296469016,3.13403319328852,0.00172421350490666,"benefit","L","FS"
"zone3",1.64168465533285,0.911065038842476,1.80194013088093,0.0715548254334823,"benefit","L","FS"
"zone4",0.27473846001018,0.283346697773874,0.969619417373399,0.332236230571942,"benefit","L","FS"
"zone6",1.38034568769955,0.529043248154764,2.60913581737224,0.00907712074780084,"benefit","L","FS"
"zone7",0.279197419487452,0.289606669350925,0.964057285397456,0.335017206301834,"benefit","L","FS"
"zone8",0.491809007611446,0.292199011612357,1.68313029156957,0.092349871626416,"benefit","L","FS"
"zone9",0.741756015092978,0.350419348821896,2.11676671846675,0.0342796512618498,"benefit","L","FS"
"zone11",-0.0817514804783651,0.329427748155322,-0.248162096047295,0.804008992134914,"benefit","L","FS"
"zone12",14.8981217168562,225.322240284382,0.0661191797935839,0.947282940996675,"benefit","L","FS"
"zone13",0.0297669891734176,0.300911663820586,0.0989226831405435,0.921199658696517,"benefit","L","FS"
"zone14",0.26214101642453,0.317689840376442,0.825147622328464,0.409287785714943,"benefit","L","FS"
"dist_x",0.536398879699147,0.150574071351617,3.56235887682523,0.00036753748881211,"benefit","L","FS"
"dist_z",-0.706992735001329,0.192848054276667,-3.6660610222546,0.000246315172787039,"benefit","L","FS"
"I(dist_x^2)",-0.792385070517969,0.070064071473951,-11.3094351191476,0.0000000000000000000000000000117845760659592,"benefit","L","FS"
"I(dist_z^2)",-0.774721665409008,0.0753498222551153,-10.2816654667877,0.000000000000000000000000852416988510864,"benefit","L","FS"
"release_spin_rate",-0.000364875556587135,0.000217060452583627,-1.680985883168,0.0927656566194871,"benefit","L","FS"
"pred",56.6576272019703,5.32305162377125,10.6438244838643,0.0000000000000000000000000186321101203633,"benefit","L","FS"
