"","batter_name","batter_id","PA","H","HR","k_percent","bb_percent","AVG","SLG","OBP","OPS","SB","wOBA","xwOBA","EV","sweet_spot_percent","barrel_rate","solidcontact_percent","flareburner_percent","poorlyunder_percent","poorlytopped_percent","poorlyweak_percent","hard_hit_percent"
"1","Torkelson, Spencer",679529,404,73,8,24.5,9.2,0.203,0.319,0.285,0.604,0,0.272,0.305,90.5,35.4,8.4,8,22.1,27.8,32.7,0.8,41.8
"2","Grichuk, Randal",545341,538,131,19,23.6,4.5,0.259,0.425,0.299,0.724,4,0.315,0.281,90,27.3,6.8,6.6,18.9,24.4,38.6,3.9,43.6
"3","Crawford, Brandon",543063,458,94,9,21.4,8.5,0.231,0.344,0.308,0.652,1,0.289,0.287,88.1,31,6.7,5.4,23.6,25.2,34.2,4.2,35.1
"4","Gonzalez, Luis",670768,350,78,4,21.4,8.6,0.251,0.357,0.32,0.677,10,0.299,0.268,86.9,27,2.9,7.5,21.6,27.4,31.1,9.5,32
"5","Votto, Joey",458015,376,66,11,25.8,11.7,0.205,0.37,0.319,0.689,0,0.31,0.322,89.7,32.9,11.1,3.1,24.9,26.2,30.7,3.1,41.3
"6","Vazquez, Christian",543877,426,109,9,16.2,5.2,0.274,0.399,0.315,0.714,1,0.312,0.301,87.9,36.1,5.1,3.6,28.9,24.1,36.7,1.2,36.4
"7","Trout, Mike",545361,499,124,40,27.9,10.8,0.283,0.63,0.369,0.999,1,0.418,0.395,91.6,37.7,19.7,7,20.7,34.3,15,3.3,51
"8","Herrera, Jose",645444,124,21,0,27.4,7.3,0.189,0.207,0.25,0.457,0,0.213,0.186,84.7,23.5,0,0,19.8,19.8,50.6,9.9,11.1
"9","Smith, Josh H.",669701,253,42,2,19.8,11.1,0.197,0.249,0.307,0.556,4,0.262,0.296,87,34.5,2.4,5.4,27.4,35.1,24.4,5.4,28.6
"10","Melendez Jr., MJ",669004,534,100,18,24.5,12.4,0.217,0.393,0.313,0.706,2,0.31,0.332,90.7,31,10.4,6.8,23.2,27.1,29.2,2.7,43.5
"11","Sheets, Gavin",657757,410,91,15,21,6.6,0.241,0.411,0.295,0.706,0,0.308,0.283,88.6,32.3,6.5,6.1,21.4,29.6,34.7,1,36.1
"12","Hiura, Keston",669374,266,53,14,41.7,8.6,0.226,0.449,0.316,0.765,5,0.334,0.317,91.7,41.1,15.3,11.3,22.6,22.6,24.2,3.2,45.2
"13","Lowrie, Jed",476704,184,30,3,21.2,8.2,0.18,0.263,0.245,0.508,1,0.23,0.247,86.2,26.9,3.1,3.8,22.3,36.2,30.8,3.8,30.8
"14","Trammell, Taylor",666211,117,20,4,28.2,11.1,0.196,0.402,0.284,0.686,2,0.3,0.292,88.3,29.6,9.9,5.6,18.3,33.8,28.2,4.2,28.2
"15","Higashioka, Kyle",543309,248,52,10,21,4.8,0.227,0.389,0.264,0.653,0,0.282,0.317,90.9,36.6,9.8,4.9,26.8,30.1,23,4.9,48.1
"16","Heineman, Tyler",623168,174,34,0,9.8,4.6,0.217,0.268,0.276,0.544,1,0.248,0.273,82.7,34,0,0.7,30.6,36.1,20.8,11.8,13.2
"17","Piscotty, Stephen",572039,139,24,5,34.5,6.5,0.19,0.341,0.252,0.593,2,0.258,0.275,90.4,42.5,6.3,7.5,27.5,21.3,35,2.5,46.3
"18","Arraez, Luis",650333,603,173,8,7.1,8.3,0.316,0.42,0.375,0.795,4,0.35,0.333,88.9,38.7,3.6,5.7,30.6,27.6,31,1.4,30.2
"19","Gorman, Nolan",669357,313,64,14,32.9,8.9,0.226,0.42,0.3,0.72,1,0.316,0.341,89.2,46.7,14.4,11.7,24.4,29.4,16.7,3.3,43.3
"20","Torrens, Luis",620443,166,34,3,30.1,7.2,0.225,0.298,0.283,0.581,0,0.261,0.284,90.3,34,4.9,4.9,35.9,19.4,31.1,2.9,46.6
"21","Hoerner, Nico",663538,517,135,10,11,5.4,0.281,0.41,0.327,0.737,20,0.32,0.301,87.2,32.4,2.6,4.7,26.3,24.2,35.9,4,33.5
"22","Kreidler, Ryan",668952,84,13,1,26.2,7.1,0.178,0.233,0.244,0.477,0,0.218,0.273,88.2,34.5,7.3,5.5,23.6,30.9,25.5,7.3,32.7
"23","Nido, Tomas",621512,313,68,3,24.3,4.5,0.239,0.324,0.276,0.6,0,0.265,0.287,86.3,40.1,6.3,8.1,24.8,15.3,35.1,9.9,33.3
"24","White, Eli",642201,117,21,3,35,9.4,0.2,0.305,0.274,0.579,12,0.26,0.255,86.4,30.8,4.6,9.2,23.1,29.2,16.9,16.9,29.2
"25","Urias, Ramon",602104,445,100,16,22,6.7,0.248,0.414,0.305,0.719,1,0.313,0.32,89.4,32.1,9.6,5.4,24.7,20.8,33.7,5.1,46.5
"26","Arozarena, Randy",668227,645,154,20,24.2,7.1,0.263,0.445,0.327,0.772,32,0.336,0.301,89.9,28.2,7.9,5.8,20.1,22.7,40.5,2.5,41
"27","Ward, Taylor",621493,564,139,23,21.3,10.6,0.281,0.473,0.36,0.833,5,0.362,0.361,90,41.8,12.4,7.4,26.3,25.3,25,3.4,42.9
"28","Heim, Jonah",641680,450,92,16,19.3,9.1,0.227,0.399,0.298,0.697,2,0.306,0.291,89.3,29.6,6.9,5.9,20.6,33,29.9,3.1,39.9
"29","Taveras, Leody",665750,341,82,5,25.8,6.2,0.261,0.366,0.309,0.675,11,0.297,0.267,89.3,28.7,4.3,3,27.4,28.3,32.2,4.3,36.1
"30","Andrus, Elvis",462101,577,133,17,15.9,6.8,0.249,0.404,0.303,0.707,18,0.31,0.293,87.9,29.1,4.5,3.6,26.9,26,33.6,5,34.8
"31","Taylor, Tyrone",621438,405,87,17,25.2,5.4,0.233,0.442,0.286,0.728,3,0.314,0.307,88,34.7,9.9,7.3,20.8,27.7,28.1,5.8,37.6
"32","Sierra, Magneuris",642423,96,15,0,26,4.2,0.165,0.242,0.2,0.442,6,0.195,0.212,82.2,22.4,0,1.5,19.4,25.4,35.8,17.9,16.4
"33","Gamel, Ben",592325,423,86,9,23.2,11.3,0.232,0.369,0.324,0.693,5,0.308,0.316,88.8,38,6.2,6.2,28.8,24.1,29.6,4.4,37.6
"34","Donovan, Brendan",680977,468,110,5,15,12.8,0.281,0.379,0.394,0.773,2,0.349,0.339,87.7,32.7,3.4,4.9,28.7,17.9,40.7,4,37.7
"35","Bohm, Alec",664761,631,164,13,17.4,4.9,0.28,0.398,0.315,0.713,2,0.31,0.333,90.2,37.7,6.8,6,29.8,21.6,33.3,2.5,43
"36","Allen, Greg",656185,134,22,2,31.3,7.5,0.186,0.271,0.26,0.531,8,0.242,0.229,87.6,25,2.5,5,22.5,22.5,36.3,11.3,32.5
"37","Henderson, Gunnar",683002,132,30,4,25.8,12.1,0.259,0.44,0.348,0.788,1,0.343,0.338,92.4,25.6,9.8,6.1,23.2,12.2,45.1,3.7,53.7
"38","Garcia, Luis",671277,377,99,7,22.3,2.9,0.275,0.408,0.295,0.703,3,0.303,0.305,87.3,37.4,7.5,7.1,27,14.6,38.8,5,36.7
"39","Duran, Ezequiel",677649,220,49,5,24.5,5.5,0.236,0.365,0.277,0.642,4,0.282,0.256,85.9,24.7,4.5,6.5,18.2,24,42.2,3.2,31.8
"40","Williams, Luke",663897,136,30,1,32.4,6.6,0.236,0.315,0.287,0.602,11,0.265,0.233,83.3,36.1,3.6,4.8,27.7,31.3,24.1,8.4,22.9
"41","Sanchez, Jesus",660821,343,67,13,26.8,7.6,0.214,0.403,0.28,0.683,1,0.298,0.298,89.5,25.7,9.9,3.2,21.2,25.7,35.1,5,40.5
"42","Belt, Brandon",474832,298,54,8,27.2,12.4,0.213,0.35,0.326,0.676,1,0.303,0.326,88.4,38.5,12.6,6.3,20.1,35.1,17.8,8,38.5
"43","Palacios, Richie",680700,123,26,0,16.3,7.3,0.232,0.286,0.293,0.579,2,0.258,0.277,85,26.9,1.1,2.2,30.1,26.9,33.3,5.4,21.5
"44","Marte, Ketel",606466,558,118,12,18.1,9.9,0.24,0.407,0.321,0.728,5,0.317,0.315,90.1,31.6,6.1,5.8,28,27.3,29.5,3,41.9
"45","Haniger, Mitch",571745,247,55,11,26.3,8.1,0.246,0.429,0.308,0.737,0,0.319,0.328,91.9,31.1,11.8,8.1,21.7,30.4,25.5,2.5,47.2
"46","Celestino, Gilberto",665482,347,74,2,22.2,9.2,0.238,0.302,0.313,0.615,4,0.28,0.27,87.3,27.1,2.5,4.2,22.9,15.7,47,6.8,34.3
"47","Marcano, Tucupita",672779,177,33,2,24.9,5.6,0.206,0.306,0.256,0.562,2,0.249,0.21,84.7,30.3,1.6,6.6,18.9,29.5,33.6,9.8,17.2
"48","Burger, Jake",669394,183,42,8,30.6,5.5,0.25,0.458,0.302,0.76,0,0.327,0.318,90.7,33.3,14.9,6.1,16.7,26.3,28.9,5.3,43
"49","Kemp, Tony",643393,558,117,7,12.4,8.1,0.235,0.334,0.307,0.641,11,0.287,0.267,84.4,33.9,1.6,4.1,23.6,30,33,7.3,14.9
"50","Straw, Myles",664702,596,118,0,14.6,9.1,0.221,0.273,0.291,0.564,21,0.257,0.275,87,34.1,0.7,4.8,25.1,28.6,35.9,4.4,26.5
"51","Benintendi, Andrew",643217,521,140,5,14.8,10,0.304,0.399,0.373,0.772,8,0.342,0.334,89.2,39.2,5.1,6.2,30,25.1,30.8,2.8,38.7
"52","Cron, C.J.",543068,632,148,29,25.9,6.8,0.257,0.468,0.315,0.783,0,0.335,0.32,88.7,36.8,10.8,5.5,24.3,26.7,28.4,4.1,42.3
"53","McKinstry, Zach",656716,185,33,5,28.1,8.6,0.199,0.361,0.273,0.634,7,0.28,0.288,86.4,41.4,4.3,6,31,25.9,26.7,6,30.2
"54","Smith, Pavin",656976,277,54,9,24.2,10.1,0.22,0.367,0.3,0.667,1,0.294,0.301,87.9,28.7,9.9,3.3,21.5,29.3,30.9,5,35.9
"55","Perez, Michael",605421,132,18,6,24.2,7.6,0.149,0.298,0.214,0.512,1,0.228,0.276,88.8,35.6,7.8,8.9,20,34.4,24.4,4.4,36.7
"56","Knizner, Andrew",668800,293,56,4,21.2,8.9,0.215,0.3,0.301,0.601,0,0.275,0.28,86,28.6,3.5,3.5,26.1,29.6,31.7,5.5,33.2
"57","Altuve, Jose",514888,604,158,28,14.4,10.9,0.3,0.533,0.387,0.92,18,0.397,0.354,85.9,35.4,7.7,6.6,22.2,25.6,29.7,7.5,29.7
"58","Mullins II, Cedric",656775,672,157,16,18.8,7,0.258,0.403,0.318,0.721,34,0.315,0.288,88.8,29.3,4.9,5.9,23,32.4,28.7,4.5,37.3
"59","Soler, Jorge",624585,306,56,13,29.4,10.1,0.207,0.4,0.295,0.695,0,0.305,0.322,91.2,33.1,12.2,6.6,22.1,27.6,27.6,3.3,43.6
"60","Torres, Gleyber",650402,572,135,24,22.6,6.8,0.257,0.451,0.31,0.761,10,0.328,0.319,90.4,36.2,10.7,8.5,23.7,30.4,23.7,3,45.3
"61","Varsho, Daulton",662139,592,125,27,24.5,7.8,0.235,0.443,0.302,0.745,16,0.323,0.298,87.7,33.6,10.2,8.4,16.8,26,30.3,7.1,35.6
"62","Vogt, Stephen",519390,191,27,7,24.1,8.9,0.161,0.321,0.241,0.562,1,0.249,0.282,87,38.9,7.9,4,22.2,40.5,21.4,4,27.8
"63","Gonzalez, Romy",663853,109,25,2,35.8,1.8,0.238,0.352,0.257,0.609,0,0.264,0.265,91.2,29.9,9,4.5,25.4,17.9,37.3,4.5,49.3
"64","Gurriel, Yuli",493329,584,132,8,12.5,5.1,0.242,0.36,0.288,0.648,8,0.285,0.271,88.2,30.3,1.9,4.4,25.9,32.8,32,2.3,35.6
"65","Reynolds, Matt",608703,272,60,3,28.7,9.6,0.246,0.332,0.32,0.652,5,0.293,0.272,90.2,36.5,3,9,26.3,16.8,43.1,0.6,42.4
"66","Trejo, Alan",676701,125,32,4,24.8,4,0.271,0.424,0.312,0.736,1,0.321,0.291,86.2,37.9,4.6,8,28.7,26.4,29.9,1.1,31.4
"67","Gonzalez, Oscar",660757,382,107,11,19.6,3.9,0.296,0.461,0.327,0.788,1,0.339,0.32,88.6,32.5,7.3,4.8,28.4,18.3,36.3,4.2,40.1
"68","Kwan, Steven",680757,638,168,6,9.4,9.7,0.298,0.4,0.373,0.773,19,0.341,0.312,85.1,34.6,1.4,2.6,29.1,29.5,32.6,4.3,20.8
"69","Robert Jr., Luis",673357,401,108,12,19.2,4.2,0.284,0.426,0.319,0.745,11,0.324,0.327,89.3,32.6,8.9,4.9,27.3,22.4,32.9,3.6,42.8
"70","Renfroe, Hunter",592669,522,121,29,23.2,7.5,0.255,0.492,0.315,0.807,1,0.347,0.323,90.5,32.7,10.9,6.4,21.8,30.4,27.1,3.4,43.6
"71","Mountcastle, Ryan",663624,609,139,22,25.3,7.1,0.25,0.423,0.305,0.728,4,0.316,0.362,91.3,39.5,15,4.7,27,24.3,26.5,1.7,46.3
"72","Miller, Brad",543543,241,47,7,29,7.5,0.212,0.32,0.27,0.59,4,0.263,0.269,91.1,27.5,7.8,4.6,22.9,29.4,33.3,1.3,39.9
"73","Myers, Wil",571976,286,68,7,30.1,7.3,0.261,0.398,0.315,0.713,2,0.311,0.288,88.5,37.6,7.3,7.9,21.9,26.4,32,3.4,37.6
"74","Donaldson, Josh",518626,546,106,15,27.1,9.9,0.222,0.374,0.308,0.682,2,0.302,0.299,90.7,34.8,9.8,6.3,21.4,26.5,33,2.7,43.3
"75","Pujols, Albert",405395,351,83,24,15.7,8,0.27,0.55,0.345,0.895,1,0.38,0.365,91.2,34.5,12,7,22.5,26.7,29.1,2.7,47.3
"76","Peterson, Jace",607054,328,68,8,25.9,10.1,0.236,0.382,0.316,0.698,12,0.306,0.3,88.6,33.7,7.2,5.3,23.6,23.1,35.1,5.3,36.1
"77","Rojas, Josh",668942,510,119,9,19.2,10.8,0.269,0.391,0.349,0.74,23,0.326,0.305,88.8,33.5,4.5,4.8,27.3,26.5,31.3,5.4,36.1
"78","Bogaerts, Xander",593428,631,171,15,18.7,9,0.307,0.456,0.377,0.833,8,0.363,0.323,88.1,30.3,6.5,4.9,27.8,21.7,34.1,4.5,39.5
"79","Seager, Corey",608369,663,145,33,15.5,8.7,0.245,0.455,0.317,0.772,3,0.331,0.372,91.1,38.4,10.5,9.9,24.2,25.1,28.1,1.8,45.5
"80","Toro, Abraham",647351,352,60,10,18.5,6.3,0.185,0.324,0.239,0.563,2,0.246,0.284,87,31.2,6.8,4.6,19.4,36.1,30.8,2.3,29.7
"81","Harrison, Josh",543281,425,99,7,16.7,4.9,0.256,0.37,0.317,0.687,2,0.305,0.284,87.4,32,3.8,5.3,26,28.8,33.2,2.8,32.3
"82","Diaz, Yandy",650490,558,140,9,10.8,14,0.296,0.423,0.401,0.824,3,0.366,0.365,92.2,30.7,4.8,8.9,26.1,20.5,36.7,1.7,49
"83","Brujan, Vidal",660644,162,24,3,22.8,7.4,0.163,0.259,0.228,0.487,5,0.22,0.233,86.1,30.4,2.7,2.7,23.2,34.8,34.8,1.8,27.7
"84","Bride, Jonah",681146,187,33,1,17.1,10.2,0.204,0.247,0.301,0.548,1,0.257,0.282,86.9,31.8,1.5,9.1,21.2,25,36.4,6.8,31.1
"85","Ford, Mike",645801,149,27,3,26.8,11.4,0.206,0.313,0.302,0.615,0,0.28,0.278,88.7,37.4,3.3,7.7,27.5,35.2,22,4.4,33
"86","Santander, Anthony",623993,647,138,33,18.9,8.5,0.24,0.455,0.318,0.773,0,0.336,0.352,90.1,33.5,11.6,8.1,21.7,31.9,23,3.7,43.3
"87","Anderson, Tim",641313,351,100,6,15.7,4,0.301,0.395,0.339,0.734,13,0.323,0.336,88.2,37.5,5.8,5.4,31.8,10.8,41.5,4,41.2
"88","Farmer, Kyle",571657,583,134,14,17,5.7,0.255,0.386,0.315,0.701,4,0.309,0.311,85.5,37.7,4.4,6.9,26,23,32.4,6.7,33.8
"89","Moniak, Mickey",666160,112,18,3,39.3,3.6,0.17,0.302,0.207,0.509,1,0.223,0.203,84.9,22.2,7.9,1.6,14.3,30.2,30.2,15.9,31.7
"90","Berti, Jon",542932,404,86,4,22,10.4,0.24,0.338,0.324,0.662,41,0.298,0.306,88,30.7,5.9,5.2,23.3,19.6,41.5,4.1,37
"91","Alvarez, Yordan",670541,561,144,37,18.9,13.9,0.306,0.613,0.406,1.019,1,0.427,0.462,95.2,40.7,21,7.5,23.2,18.1,29.1,0.8,59.8
"92","Grandal, Yasmani",518735,376,66,5,21,12,0.202,0.269,0.301,0.57,1,0.263,0.29,90,30,4.8,6.4,24.4,26,36,2.4,40
"93","Flores, Wilmer",527038,602,120,19,17.1,9.8,0.229,0.394,0.316,0.71,0,0.312,0.31,87.8,35.7,6.3,5.4,24.5,35.9,24.7,3.3,35.4
"94","Marte, Starling",516782,505,136,16,19.2,5.1,0.292,0.468,0.347,0.815,18,0.355,0.336,86.8,38.5,6.8,7,25.7,17.1,38.8,4.6,33.9
"95","Demeritte, Travis",641513,96,19,3,33.3,6.3,0.213,0.337,0.26,0.597,0,0.263,0.263,88.8,34.5,6.9,5.2,22.4,22.4,39.7,3.4,37.9
"96","Hill, Derek",656537,92,19,1,30.4,5.4,0.229,0.289,0.27,0.559,3,0.249,0.23,85.2,33.9,3.4,3.4,20.3,22,30.5,20.3,30.5
"97","Paredes, Isaac",670623,381,68,20,17.6,11.5,0.205,0.435,0.304,0.739,0,0.323,0.297,87.4,27.4,6.4,6.4,19.2,32,31.6,4.1,38.7
"98","Chirinos, Robinson",455139,220,35,4,30.5,8.6,0.179,0.287,0.265,0.552,1,0.251,0.245,84.8,30.8,6.9,5.4,16.9,32.3,31.5,6.9,33.1
"99","Zimmer, Bradley",605548,117,13,2,38.5,4.3,0.124,0.229,0.207,0.436,3,0.203,0.225,87,21.3,11.5,1.6,11.5,26.2,32.8,16.4,34.4
"100","Robles, Victor",645302,407,82,6,25.6,4.2,0.224,0.311,0.273,0.584,15,0.26,0.244,84.6,29.2,3.2,3.2,20.6,27.8,28.5,16.6,23.8
"101","Contreras, Willson",575929,487,101,22,21.1,9.2,0.243,0.466,0.349,0.815,4,0.357,0.364,90.4,30.2,10.5,8.3,21.3,16.5,36.2,5.4,48.6
"102","Adames, Willy",642715,617,134,31,26.9,7.9,0.238,0.458,0.298,0.756,8,0.325,0.323,88.9,36.4,13,6.5,22.2,29.2,25.2,4,43.6
"103","Cruz, Oneil",665833,361,77,17,34.9,7.8,0.233,0.45,0.294,0.744,10,0.32,0.304,91.9,30.6,15.5,2.9,18.4,20.4,39.3,2.9,46.1
"104","Walker, Christian",572233,667,141,36,19.6,10.3,0.242,0.477,0.327,0.804,2,0.346,0.359,90,33.3,11.5,6.5,22,29.4,26.4,3.7,44
"105","Tucker, Kyle",663656,609,140,30,15.6,9.7,0.257,0.478,0.33,0.808,25,0.348,0.353,90,34.4,10.2,10.2,21.7,30.2,25.3,2.2,42.4
"106","McMahon, Ryan",641857,597,130,20,26.5,10.1,0.246,0.414,0.327,0.741,7,0.326,0.33,91.7,36.4,10.4,6.7,27,21.1,30.2,4.3,46.5
"107","Heyward, Jason",518792,151,28,1,21.2,7.3,0.204,0.277,0.278,0.555,1,0.253,0.278,87.6,26.7,4.8,3.8,21.9,27.6,38.1,3.8,38.1
"108","Riley, Austin",663586,693,168,38,24.2,8.2,0.273,0.528,0.349,0.877,2,0.377,0.378,92.5,37.7,15.7,8.4,20.2,22.8,29.7,2.9,50.8
"109","Meadows, Austin",640457,147,32,0,11.6,10.9,0.25,0.328,0.347,0.675,0,0.307,0.38,87.8,34.2,6.3,6.3,31.5,31.5,19.8,3.6,39.6
"110","Wisdom, Patrick",621550,534,97,25,34.3,9.9,0.207,0.426,0.298,0.724,8,0.316,0.295,90.7,29.8,14.2,6.2,15.6,33.2,24.6,4.8,46.3
"111","Blackmon, Charlie",453568,577,140,16,18.9,5.5,0.264,0.419,0.314,0.733,4,0.317,0.301,86.2,36.7,4.4,4,27.1,25.2,32.2,6.5,30.6
"112","McNeil, Jeff",643446,589,174,9,10.4,6.8,0.326,0.454,0.382,0.836,4,0.365,0.323,86.9,39,2.7,5.2,29.8,27.5,31.2,3.6,30.2
"113","Waters, Drew",671221,109,23,5,36.7,11,0.24,0.479,0.324,0.803,0,0.347,0.296,84.1,41.1,12.5,3.6,19.6,21.4,35.7,7.1,28.6
"114","Verdugo, Alex",657077,644,166,11,13.4,6.5,0.28,0.405,0.328,0.733,1,0.319,0.329,89.1,37.8,6,7.6,27.3,22.8,33.9,2.3,38.2
"115","Jansen, Danny",643376,248,56,15,17.7,10.1,0.26,0.516,0.339,0.855,1,0.364,0.366,90.4,34.7,13.1,6.3,22.7,33,21,3.4,46.6
"116","Guerrero Jr., Vladimir",665489,706,175,32,16.4,8.2,0.274,0.48,0.339,0.819,8,0.351,0.347,92.8,27.9,11.2,6.8,20.2,17.1,41.6,2.1,50.4
"117","Cooper, Garrett",643265,469,108,9,25.4,8.5,0.261,0.415,0.337,0.752,0,0.33,0.341,89.6,39,10.7,8.3,26,18.3,31,5.3,43.7
"118","Machin, Vimael",605353,253,49,1,18.6,9.9,0.22,0.287,0.3,0.587,1,0.268,0.301,89.3,36.3,3.9,7.3,26.3,24,38,0.6,39.1
"119","Hernandez, Cesar",514917,617,139,1,18.5,7.3,0.248,0.318,0.311,0.629,10,0.283,0.29,84.8,33.3,2.4,4.9,26.6,23.9,33.5,8,29.7
"120","Tellez, Rowdy",642133,599,116,35,20.2,10.4,0.219,0.461,0.306,0.767,2,0.327,0.349,91.1,31.4,12.9,7.3,21.4,26,28.7,3.2,46
"121","Garcia, Leury",544725,315,63,3,20.6,2.2,0.21,0.267,0.233,0.5,2,0.221,0.258,87,30,4.2,3.3,25,22.1,40,4.6,35.6
"122","India, Jonathan",663697,431,96,10,21.8,7.2,0.249,0.378,0.327,0.705,3,0.314,0.301,85.1,36,4.8,4.5,26.7,27.4,30.8,5.1,28.8
"123","Bellinger, Cody",641355,550,106,19,27.3,6.9,0.21,0.389,0.265,0.654,14,0.284,0.278,89.4,34.4,8.3,5.8,25.3,35.8,23.3,1.1,38.1
"124","Marsh, Brandon",669016,461,104,11,34.3,6.1,0.245,0.384,0.295,0.679,10,0.296,0.287,89.2,40.8,7.4,7,29.8,21,30.1,4.8,38.2
"125","Hummel, Cooper",669450,201,31,3,31.8,11.4,0.176,0.307,0.274,0.581,4,0.262,0.292,87.6,30.1,7.1,7.1,23.9,22.1,33.6,4.4,35.4
"126","Abrams, CJ",682928,302,70,2,16.6,1.7,0.246,0.324,0.28,0.604,7,0.267,0.266,86.5,28.6,2.1,4.2,23.1,23.1,39.9,6.3,30.7
"127","Naylor, Josh",647304,498,115,20,16.1,7.6,0.256,0.452,0.319,0.771,6,0.331,0.327,89.4,28.9,8.6,6.4,21.9,23.3,35,4.3,42.8
"128","Call, Alex",669743,131,27,5,22.9,11.5,0.237,0.412,0.336,0.748,3,0.332,0.281,86.3,29.8,1.2,6,26.2,34.5,27.4,4.8,31
"129","Walsh, Jared",665120,454,91,15,30.4,5.9,0.215,0.374,0.269,0.643,2,0.278,0.28,90.1,34,9.5,6,24.6,22.5,33.3,4.2,42.5
"130","Diaz, Elias",553869,381,80,9,21.5,6.6,0.228,0.368,0.281,0.649,0,0.284,0.274,88.4,28.3,5.9,5.1,23.2,25.7,35.7,2.6,39.3
"131","LeMahieu, DJ",518934,541,122,12,13.1,12.4,0.261,0.377,0.357,0.734,4,0.329,0.344,89.2,32.8,5.3,6.8,25.8,16.3,42.4,3.3,41.1
"132","Hayes, Ke'Bryan",663647,560,123,7,21.8,8.6,0.244,0.345,0.314,0.659,20,0.294,0.303,91,30.6,3.9,6.2,27.5,21,38.4,1.8,46.8
"133","Murphy, Sean",669221,612,134,18,20.3,9.2,0.25,0.426,0.332,0.758,1,0.331,0.344,88.7,34.7,10.5,6.5,23.2,23.4,32.8,3.6,41.4
"134","Clement, Ernie",676391,179,30,0,14.5,6.1,0.184,0.209,0.243,0.452,0,0.209,0.277,85,27.1,3.6,3.6,21.4,28.6,38.6,4.3,25.7
"135","Arenado, Nolan",571448,620,163,30,11.6,8.4,0.293,0.533,0.358,0.891,5,0.381,0.339,88.8,35.4,8.2,7.8,23.5,36.4,21.5,2.2,38.9
"136","Schwindel, Frank",643524,292,62,8,19.9,6.5,0.229,0.358,0.277,0.635,0,0.278,0.278,88.1,31.6,4.7,7.9,24.7,22.8,37.2,1.9,35.5
"137","Judge, Aaron",592450,696,177,62,25.1,15.9,0.311,0.686,0.425,1.111,16,0.458,0.463,95.9,39,26.5,7.2,20,18.8,26.5,0.5,61.8
"138","Gomes, Yan",543228,293,65,8,16,2.7,0.235,0.365,0.26,0.625,2,0.271,0.287,85.3,37.9,3.4,6,24.3,25.1,34.5,5.5,28.9
"139","Suzuki, Kurt",435559,159,25,4,18.2,9.4,0.18,0.295,0.266,0.561,0,0.254,0.255,85.2,31,3.5,7.1,20.4,39.8,23.9,5.3,26.5
"140","Schoop, Jonathan",570731,510,97,11,21,3.7,0.202,0.322,0.239,0.561,5,0.245,0.268,87,29.1,4.8,6.6,22,23.8,36.8,5,38.6
"141","Gonzalez, Marwin",503556,207,34,6,26.1,6.8,0.185,0.321,0.255,0.576,3,0.257,0.282,88,34.1,5.9,5.9,25.2,29.6,25.9,6.7,37.3
"142","Fletcher, David",664058,228,55,2,7,3.1,0.255,0.333,0.288,0.621,1,0.275,0.295,82.1,41.1,0,0.5,32.2,30.7,29.7,6.4,7.4
"143","Odor, Rougned",596059,472,88,13,23.1,6.8,0.207,0.357,0.275,0.632,6,0.278,0.277,87.8,30.5,6.5,5.6,23.1,36.4,23.1,4.7,33.3
"144","Morel, Christopher",666624,425,89,16,32.2,8.9,0.235,0.433,0.308,0.741,10,0.322,0.324,89.6,30,13.4,5.7,22.3,16.6,34,6.5,40.3
"145","Zavala, Seby",664874,205,48,2,31.2,9.3,0.27,0.382,0.347,0.729,0,0.323,0.283,88.8,41.2,9.2,6.7,26.1,35.3,17.6,4.2,37
"146","Guillorme, Luis",641645,335,81,2,13.7,10.1,0.273,0.34,0.351,0.691,1,0.311,0.302,86.2,35.6,2.4,2.8,30.8,15.4,42.3,6.3,24.9
"147","Bichette, Bo",666182,697,189,24,22.2,5.9,0.29,0.469,0.333,0.802,13,0.347,0.334,91.9,33.3,9.6,7.2,27.1,17.2,35.5,2.4,50.3
"148","Hicks, Aaron",543305,453,83,8,24.1,13.7,0.216,0.313,0.33,0.643,10,0.292,0.303,87.9,25.2,5.8,2.9,26.3,30.9,29.5,4,33.1
"149","Brosseau, Mike",670712,160,36,6,30,8.8,0.255,0.418,0.344,0.762,2,0.338,0.3,89.1,34.4,8.6,9.7,28,23.7,28,2.2,41.9
"150","Candelario, Jeimer",600869,467,93,13,23.3,6,0.217,0.361,0.272,0.633,0,0.277,0.292,87.2,37,8.3,4,21.3,28.4,32.7,4.3,34.6
"151","Freeman, Tyler",671289,86,19,0,12.8,4.7,0.247,0.286,0.314,0.6,1,0.274,0.27,85.9,28.4,1.5,4.5,17.9,26.9,41.8,4.5,26.9
"152","Chang, Yu",644374,190,35,4,31.1,8.4,0.208,0.315,0.289,0.604,0,0.273,0.29,88.8,35.1,9,5.4,19.8,29.7,31.5,4.5,36.9
"153","Frazier, Adam",624428,602,129,3,12.1,7.6,0.238,0.311,0.301,0.612,11,0.274,0.297,85.1,37.7,1.5,4,28.9,28.5,32.8,4.2,24.5
"154","Correa, Carlos",621043,590,152,22,20.5,10.3,0.291,0.467,0.366,0.833,0,0.362,0.363,89.9,35.3,11.4,5.7,25.4,23.7,29.4,4.4,44.7
"155","Mazara, Nomar",608577,171,42,2,23.4,5.8,0.264,0.352,0.316,0.668,0,0.297,0.294,86.1,35.3,4.2,8.4,26.1,30.3,27.7,3.4,32.8
"156","Rivera, Emmanuel",656896,359,77,12,23.1,6.4,0.233,0.409,0.292,0.701,1,0.306,0.31,90.4,32.3,9.3,6,21,23.8,38.3,1.6,38.3
"157","Hernandez, Yadiel",628450,327,82,9,22.6,5.8,0.269,0.41,0.312,0.722,2,0.315,0.31,88.8,35.6,8.6,7.7,28.8,15.5,34.3,3.9,42.1
"158","Dozier, Hunter",641531,500,109,12,25,6.8,0.236,0.387,0.292,0.679,4,0.298,0.301,88.5,33.1,7.7,5,25.4,26,32.2,3,38.5
"159","Andujar, Miguel",609280,140,31,1,19.3,3.6,0.235,0.311,0.257,0.568,4,0.247,0.281,84.4,34.3,3.7,4.6,29.6,25,30.6,5.6,31.5
"160","Goldschmidt, Paul",502671,651,178,35,21.7,12.1,0.317,0.578,0.404,0.982,7,0.419,0.367,90.8,31.8,11.6,9.9,23.8,24.1,26.9,3.3,47.4
"161","Hampson, Garrett",641658,226,42,2,27.9,9.3,0.211,0.307,0.287,0.594,12,0.267,0.261,86.5,29.8,4.3,4.3,18.4,26.2,33.3,11.3,27.7
"162","Duvall, Adam",594807,315,61,12,32.1,6.7,0.213,0.401,0.276,0.677,0,0.295,0.293,88.3,36.2,12.8,7.4,21.3,35.1,19.7,3.7,41
"163","Alonso, Pete",624413,685,162,40,18.7,9.8,0.271,0.518,0.352,0.87,5,0.366,0.353,89.8,34.5,12.3,4.8,23.8,30.1,24.1,4.8,44.8
"164","Profar, Jurickson",595777,658,140,15,15.7,11.1,0.243,0.391,0.331,0.722,5,0.32,0.315,87.5,34.7,4,4.6,28.7,27.8,29.5,4.8,34.3
"165","Massey, Michael",686681,194,42,4,23.7,4.6,0.243,0.376,0.307,0.683,3,0.302,0.332,89.3,35.1,13,4.6,21.4,24.4,26.7,9.2,38.2
"166","Vaughn, Andrew",683734,555,138,17,17.3,5.6,0.271,0.429,0.321,0.75,0,0.327,0.319,90.8,34.1,7.9,10,22.4,17.9,37.2,2.9,48.6
"167","Aranda, Jonathan",666018,87,15,2,26.4,9.2,0.192,0.321,0.276,0.597,0,0.264,0.279,91.1,29.1,7.3,9.1,20,20,41.8,0,45.5
"168","Senzel, Nick",669222,420,86,5,18.1,7.1,0.231,0.306,0.296,0.602,8,0.272,0.299,87.2,35,3.3,5,27.7,24.7,33.3,5.3,33.9
"169","Marisnick, Jake",545350,82,18,2,29.3,4.9,0.234,0.39,0.272,0.662,2,0.283,0.27,88.4,33.3,7.4,7.4,22.2,27.8,18.5,14.8,42.6
"170","Leblanc, Charles",641779,169,41,4,31.4,7.1,0.263,0.404,0.32,0.724,4,0.318,0.285,87.3,36.9,8.7,5.8,23.3,27.2,27.2,7.8,32
"171","d'Arnaud, Travis",518595,426,106,18,21.1,4.5,0.268,0.472,0.319,0.791,0,0.343,0.313,88.5,35,8.5,6.2,22.5,24.8,32.4,4.6,38.9
"172","Thomas, Alek",677950,411,88,8,18,5.4,0.231,0.344,0.275,0.619,4,0.272,0.277,87.4,27.9,3.8,6.4,21.5,17.6,47.1,2.2,34.6
"173","Ruf, Darin",573131,388,68,11,27.1,11.6,0.204,0.338,0.307,0.645,2,0.291,0.31,89.2,34.5,8.6,8.2,23.7,28,26.3,5.2,40.5
"174","Story, Trevor",596115,396,85,16,30.8,8.1,0.238,0.434,0.303,0.737,13,0.316,0.301,88.9,36,11.3,7.1,21.3,31,27.2,2.1,40.6
"175","Taylor, Michael A.",572191,456,105,9,23.9,7.7,0.254,0.357,0.313,0.67,4,0.297,0.289,86.3,33.5,6.8,4.8,21.6,29.4,30.6,6.5,32.9
"176","Adrianza, Ehire",501303,110,17,0,22.7,10,0.175,0.206,0.264,0.47,1,0.222,0.274,84.6,30.1,1.4,1.4,26,24.7,38.4,8.2,21.9
"177","Betts, Mookie",605141,639,154,35,16.3,8.6,0.269,0.533,0.34,0.873,12,0.373,0.344,90.5,36.2,9.7,8.7,22.7,31.8,22.7,3.8,44.9
"178","Vargas, Ildemaro",545121,222,55,4,10.4,3.6,0.263,0.392,0.299,0.691,3,0.302,0.255,87,28.2,2.1,4.3,20.2,27.1,41,5.3,29.3
"179","Duran, Jarren",680776,223,45,3,28.3,6.3,0.221,0.363,0.283,0.646,7,0.284,0.282,89.3,27.5,7.7,5.6,22.5,19,38,7,38
"180","Langeliers, Shea",669127,153,31,6,34.6,5.9,0.218,0.43,0.261,0.691,0,0.296,0.261,87.3,42.9,9.9,6.6,19.8,29.7,27.5,6.6,38.5
"181","Mercado, Oscar",640458,128,25,4,22.7,3.9,0.207,0.372,0.242,0.614,2,0.266,0.258,86.3,33.3,6.5,6.5,19.4,37.6,26.9,3.2,29
"182","Villar, Jonathan",542340,220,42,3,26.8,6.8,0.208,0.302,0.26,0.562,7,0.25,0.247,89.6,24.7,2.7,6.2,24,16.4,43.8,4.1,40.4
"183","Ibanez, Andy",628451,128,26,1,16.4,7,0.218,0.277,0.273,0.55,3,0.249,0.272,88.3,29.6,6.1,8.2,18.4,30.6,33.7,3.1,39.8
"184","Merrifield, Whit",593160,550,126,11,15.5,6.9,0.25,0.375,0.298,0.673,16,0.294,0.288,87.1,37.9,4.2,7.3,23,29.5,30.9,4.9,31.1
"185","Solak, Nick",669256,95,17,3,20,7.4,0.207,0.329,0.309,0.638,3,0.291,0.335,86.7,28.1,7.8,3.1,23.4,18.8,39.1,7.8,34.4
"186","Bryant, Kris",592178,181,49,5,14.9,9.4,0.306,0.475,0.376,0.851,0,0.37,0.344,85,31.9,6.7,3.7,28.1,27.4,28.9,5.2,29.6
"187","Maile, Luke",571912,206,40,3,26.2,9.2,0.221,0.326,0.301,0.627,0,0.281,0.263,84.5,33.8,5.4,6.9,23.8,31.5,26.2,6.2,25.4
"188","Ruiz, Keibert",660688,433,99,7,11.5,6.9,0.251,0.36,0.313,0.673,6,0.299,0.328,88,36.3,3.7,7.5,28.8,26.8,28.8,3.2,32.3
"189","Davis, J.D.",605204,365,79,12,33.4,10.7,0.248,0.418,0.34,0.758,1,0.333,0.351,92.4,34.8,16.2,5.6,26.3,18.7,30.8,2.5,56.1
"190","Dickerson, Corey",572816,297,75,6,16.2,4,0.267,0.399,0.3,0.699,0,0.303,0.293,87.8,32.8,3.8,3.8,27.7,23.8,37.4,2.6,32.8
"191","Neuse, Sheldon",641914,293,58,4,27.3,6.8,0.214,0.288,0.273,0.561,6,0.253,0.254,89.1,23,3.1,2.6,27.7,13.1,49.7,1.6,38.2
"192","Garcia, Aramis",605244,115,23,1,29.6,2.6,0.213,0.259,0.248,0.507,0,0.228,0.247,87.5,35.5,2.6,6.6,28.9,30.3,27.6,3.9,36.8
"193","Canha, Mark",592192,542,123,13,17.9,8.9,0.266,0.403,0.367,0.77,3,0.343,0.323,87.7,32.2,4.9,6.8,23.6,24.9,35.2,4.1,36.6
"194","Carlson, Dylan",666185,488,102,8,19.3,9.2,0.236,0.38,0.316,0.696,5,0.306,0.301,86.1,35.7,4.4,7.3,22.2,29.8,30.7,5,27.2
"195","Rojas, Miguel",500743,507,111,6,12,5.1,0.236,0.323,0.283,0.606,9,0.268,0.293,86.1,33.1,1.9,5.6,28.3,23.9,36.5,3.6,27.1
"196","Lowe, Nathaniel",663993,645,179,27,22.8,7.4,0.302,0.492,0.358,0.85,2,0.368,0.344,90.2,34.1,9.9,5.2,28,18.4,35,3.4,44.8
"197","Cruz Jr., Nelson",443558,507,105,10,23.5,9.7,0.234,0.337,0.313,0.65,4,0.292,0.32,90.9,28,9.3,4.5,25.6,17.2,39.8,2.4,46.1
"198","Buxton, Byron",621439,382,76,28,30.4,8.9,0.224,0.526,0.306,0.832,6,0.356,0.358,92.9,34.2,16.4,7.1,18.7,31.6,23.6,2.7,50.2
"199","Rodgers, Brendan",663898,581,140,13,17.4,7.9,0.266,0.408,0.325,0.733,0,0.321,0.326,90,31.3,7.2,5.6,26.2,17.9,39,3.5,45.9
"200","Delay, Jason",641511,167,33,1,29.9,5.4,0.213,0.271,0.265,0.536,0,0.243,0.23,84.9,31.1,1.9,1.9,27.4,32.1,33,3.8,28.3
"201","Kelly, Carson",608348,354,67,7,20.1,8.2,0.211,0.334,0.282,0.616,2,0.275,0.288,87.7,33.2,5.2,7.2,22.8,30,30,4.4,36.8
"202","Molina, Yadier",425877,270,56,5,14.8,1.9,0.214,0.302,0.233,0.535,2,0.235,0.254,84.7,34.1,3.1,4.9,27.4,31.8,30,2.7,26
"203","Drury, Brandon",592273,568,136,28,22.2,6.7,0.263,0.492,0.32,0.812,2,0.35,0.316,89.1,34.8,10.4,7.3,22,25.5,29.3,4.8,42.2
"204","Herrera, Odubel",546318,197,44,5,21.3,5.6,0.238,0.378,0.279,0.657,6,0.287,0.272,86.9,24.3,4.9,3.5,22.2,20.8,40.3,6.3,37.5
"205","Pinder, Chad",640461,379,85,12,31.1,3.7,0.235,0.385,0.263,0.648,2,0.281,0.28,87.5,33.3,6.5,7.3,26,18.7,35,5.3,40.7
"206","McCormick, Chas",676801,407,88,14,26,11.3,0.245,0.407,0.332,0.739,4,0.326,0.325,88.1,33.5,10.2,4.7,22.8,26.4,30.7,5.1,39
"207","Albies, Ozzie",645277,269,61,8,17.5,5.9,0.247,0.409,0.294,0.703,3,0.305,0.294,87.1,34.8,5.4,6.9,23.5,33.3,28.4,2.5,26.5
"208","Cave, Jake",595909,177,35,5,27.7,6.2,0.213,0.384,0.26,0.644,2,0.278,0.285,90.7,38.5,10.3,9.4,18.8,31.6,27.4,2.6,42.7
"209","Ozuna, Marcell",542303,507,106,23,24.1,6.1,0.226,0.413,0.274,0.687,2,0.298,0.337,89.4,31.8,13.1,4,23.9,28.7,25.6,4.3,43.8
"210","Rutschman, Adley",668939,470,101,13,18.3,13.8,0.254,0.445,0.362,0.807,4,0.354,0.342,87.9,35.6,7.9,6.7,25.4,27.3,27.9,4.8,36.8
"211","Ohtani, Shohei",660271,666,160,34,24.2,10.8,0.273,0.519,0.356,0.875,11,0.37,0.383,92.9,35,16.8,5.6,24.5,19.9,29.9,3,49.8
"212","Witt Jr., Bobby",677951,632,150,20,21.4,4.7,0.254,0.428,0.294,0.722,30,0.311,0.313,89.7,32.5,8.7,4.6,23.6,34.3,26.2,2.2,38.6
"213","McCann, James",543510,191,34,3,24.1,5.8,0.195,0.282,0.257,0.539,3,0.243,0.309,90.2,33.8,6.9,9.2,24.6,29.2,26.2,3.8,40.8
"214","Raleigh, Cal",663728,415,78,27,29.4,9.2,0.211,0.489,0.284,0.773,1,0.33,0.324,90.9,36,15.4,8.7,17.8,36.4,19.4,2.4,43.5
"215","Garcia, Adolis",666969,657,151,27,27.9,6.1,0.25,0.456,0.3,0.756,25,0.324,0.322,92.1,36.9,12.9,9.3,22.9,22.9,28.7,2.8,47.4
"216","Rivas III, Alfonso",663845,287,59,3,30.3,10.1,0.235,0.307,0.322,0.629,6,0.285,0.284,86.9,34.7,4.2,3,29.3,19.8,32.3,10.2,35.3
"217","Anderson, Brian",605119,383,75,8,26.4,9.7,0.222,0.346,0.311,0.657,1,0.293,0.309,88.7,31.1,9.7,4.2,24.8,20.2,34.5,6.3,42
"218","McCutchen, Andrew",457705,580,122,17,21.4,9.8,0.237,0.384,0.316,0.7,8,0.309,0.325,89.1,36.2,8.6,5.8,24.1,26.3,31.9,3,40
"219","Vogelbach, Daniel",596129,461,92,18,24.7,15.8,0.238,0.433,0.36,0.793,0,0.349,0.35,89.4,38.1,10.6,7.7,24.5,26,29.3,1.5,39.9
"220","Moncada, Yoan",660162,433,84,12,26.3,7.4,0.212,0.353,0.273,0.626,2,0.275,0.289,88.7,35.1,9.8,6.3,22.1,30.2,28.8,2.1,37.5
"221","Jimenez, Eloy",650391,327,86,16,22,8.6,0.295,0.5,0.358,0.858,0,0.37,0.365,92.8,31.7,14.7,8.5,21.4,14.3,39.7,1.3,54.9
"222","Brown, Seth",664913,555,115,25,26.3,9.2,0.23,0.444,0.305,0.749,11,0.323,0.338,89.2,34.9,13,5.4,23.4,29.6,24.8,3.7,41.4
"223","Casali, Curt",592200,176,30,5,28.4,13.6,0.203,0.331,0.318,0.649,0,0.295,0.289,87.1,35,6,6,24,41,17,5,39
"224","La Stella, Tommy",600303,195,43,2,15.4,5.6,0.239,0.35,0.282,0.632,0,0.277,0.267,87.9,37.3,2,6.5,24.2,32,34.6,0.7,32
"225","Longoria, Evan",446334,298,65,14,27.9,9.1,0.244,0.451,0.315,0.766,0,0.33,0.324,91.1,33.3,12.4,10.2,23.1,25.8,25.3,3.2,46.8
"226","Haggerty, Sam",664059,201,45,5,26.4,9,0.256,0.403,0.335,0.738,13,0.32,0.285,86,32.5,4,2.4,28.6,24.6,32.5,7.9,24.6
"227","Turner, Justin",457759,532,130,13,16.7,9.4,0.278,0.438,0.35,0.788,3,0.343,0.339,89.5,40.6,8,6.2,27.1,33.1,22.7,2.6,40.6
"228","Abreu, Jose",547989,679,183,15,16.2,9.1,0.304,0.446,0.378,0.824,0,0.361,0.373,92.2,34.5,9.5,7.7,26.7,19,33.9,2.8,51.8
"229","Chapman, Matt",656305,621,123,27,27.4,11,0.229,0.433,0.324,0.757,2,0.331,0.341,92.2,34,12.9,8.8,24.1,28.7,22.5,2.7,51.2
"230","Castillo, Diego",660636,283,54,11,26.5,4.9,0.206,0.382,0.251,0.633,1,0.272,0.292,89.1,37.7,9.9,8.4,21.5,25.7,32.5,2.1,38.7
"231","Hilliard, Sam",656541,200,32,2,28.5,11.5,0.184,0.264,0.28,0.544,5,0.251,0.303,92,27.7,9.2,9.2,19.3,26.9,32.8,2.5,48.7
"232","Refsnyder, Rob",608701,177,47,6,26,8.5,0.307,0.497,0.384,0.881,1,0.381,0.374,89.9,49.1,10.9,11.8,31.8,15.5,27.3,2.7,44.5
"233","Acuna Jr., Ronald",660670,533,124,15,23.6,9.9,0.266,0.413,0.351,0.764,29,0.335,0.365,91.2,32.8,12.8,6.1,21.8,20.3,32.3,5.8,49.7
"234","Hedges, Austin",595978,338,48,7,23.1,7.4,0.163,0.248,0.241,0.489,2,0.225,0.238,84.2,31.9,3.1,4.4,19.2,33.6,30.1,9.2,22.3
"235","Wendle, Joey",621563,371,90,3,13.5,4,0.259,0.36,0.297,0.657,12,0.289,0.276,87.5,27.9,1.7,5,25.2,21.3,42.9,3.7,36.2
"236","Miranda, Jose",669304,483,119,15,18.8,5.8,0.268,0.426,0.325,0.751,1,0.329,0.317,89.3,34.2,6.2,7.9,26.8,26.3,29.4,3.1,42.4
"237","Alfaro, Jorge",595751,274,63,7,35.8,4,0.246,0.383,0.285,0.668,1,0.291,0.295,89.4,38.5,11.2,4.3,21.7,21.1,34.8,5.6,38.5
"238","Phillips, Brett",621433,225,29,5,41.8,7.1,0.144,0.249,0.217,0.466,7,0.213,0.22,88.5,32.1,4.5,5.4,25,34.8,23.2,7.1,29.5
"239","Rengifo, Luis",650859,511,129,17,15.5,3.3,0.264,0.429,0.294,0.723,6,0.314,0.296,86.9,31.1,5.4,4.9,23.1,23.8,37.7,5.1,33.6
"240","Mejia, Francisco",642336,299,70,6,21.7,2.3,0.242,0.381,0.264,0.645,0,0.279,0.262,86.8,39.1,2.7,5.8,29.8,32.4,27.1,2.2,28
"241","Nola, Austin",543592,397,87,4,15.1,8.6,0.251,0.329,0.321,0.65,2,0.29,0.305,89.4,35.4,2.4,6.7,30.3,26.3,32,2,39.7
"242","Cordero, Franchy",614173,275,53,8,33.5,10.2,0.219,0.397,0.3,0.697,4,0.304,0.313,89.7,39,12.3,10.4,21.4,22.1,25.3,8.4,45.5
"243","Meyers, Jake",676694,160,34,1,33.8,4.4,0.227,0.313,0.269,0.582,2,0.258,0.251,87.3,30.9,5.2,5.2,25.8,15.5,41.2,6.2,37.1
"244","Thomas, Lane",657041,548,120,17,24.1,7.5,0.241,0.404,0.301,0.705,8,0.308,0.286,86.4,32.6,6.5,5.7,22.4,26.4,33.2,4.9,34.5
"245","Stallings, Jacob",607732,384,77,4,21.6,7.6,0.223,0.292,0.292,0.584,0,0.265,0.274,86.7,33.5,3.4,6,25.6,28.2,34.2,2.6,32.3
"246","Arroyo, Christian",624414,300,80,6,16.3,4.3,0.286,0.414,0.322,0.736,5,0.319,0.33,88.9,34.9,6.4,4.3,34,18.3,31.9,5.1,42.1
"247","McCarthy, Jake",664983,354,91,8,21.5,6.5,0.283,0.427,0.342,0.769,23,0.337,0.298,87.4,32.5,4.8,3.2,25.3,20.5,37.8,8.4,33.7
"248","Cabrera, Oswaldo",665828,171,38,6,25.7,8.8,0.247,0.429,0.312,0.741,3,0.322,0.287,86.8,41.1,6.3,8.9,26.8,37.5,17,3.6,34.8
"249","Wade Jr., LaMonte",664774,251,45,8,20.3,10.4,0.207,0.359,0.305,0.664,1,0.298,0.321,87.7,33.7,9.5,5.9,19.5,33.7,26,5.3,34.3
"250","Brantley Jr., Michael",488726,277,70,5,10.8,11.2,0.288,0.416,0.37,0.786,1,0.345,0.374,89.8,39.5,6,6.5,32.1,20.9,30.2,2.8,45.1
"251","Kepler, Max",596146,446,88,9,14.8,11,0.227,0.348,0.318,0.666,3,0.298,0.338,89.1,31.9,7.1,5.2,25.2,25.2,33.7,3.7,39.9
"252","Gimenez, Andres",665926,557,146,17,20.1,6.1,0.297,0.466,0.371,0.837,20,0.364,0.326,87.8,31.3,6.2,6.5,25.6,20.7,32.4,8.5,37.8
"253","Naquin, Tyler",571980,334,71,11,27.8,5.7,0.229,0.423,0.282,0.705,4,0.303,0.317,90.3,39.9,9.6,6.9,25.7,25.2,26.6,5,40.8
"254","Franco, Wander",677551,344,87,6,9.6,7.6,0.277,0.417,0.328,0.745,8,0.323,0.331,87.3,35.1,4.6,4.9,28.1,23.5,34.4,4.6,35.8
"255","Isbel, Kyle",664728,278,54,5,27,5.8,0.211,0.34,0.264,0.604,9,0.265,0.266,89.7,30.4,4.9,7.1,23.4,25,32.6,6.5,44.6
"256","Sosa, Edmundo",624641,190,40,2,26.3,2.6,0.227,0.369,0.275,0.644,6,0.282,0.286,86.8,34.4,5.5,6.3,25.8,22.7,34.4,5.5,29.7
"257","Lindor, Francisco",596019,706,170,26,18.8,8.4,0.27,0.449,0.339,0.788,16,0.342,0.331,89.3,29.2,8.3,6.2,22.4,26.8,32.3,3.8,41.3
"258","Rendon, Anthony",543685,193,38,5,18.1,11.9,0.229,0.38,0.326,0.706,2,0.314,0.331,89.6,42.1,8.3,6.8,23.3,32.3,26.3,1.5,37.6
"259","Turner, Trea",607208,708,194,21,18.5,6.4,0.298,0.466,0.343,0.809,27,0.35,0.335,88.9,35.3,7.6,6.5,24.3,24.3,34.5,2.3,41.6
"260","Rosario, Amed",642708,670,180,11,16.6,3.7,0.283,0.403,0.312,0.715,18,0.311,0.31,88.4,31.1,4.5,5.5,24.5,18.1,42.6,4.5,38.3
"261","Freeman, Freddie",518692,708,199,21,14.4,11.9,0.325,0.511,0.407,0.918,13,0.393,0.403,91.3,42.9,9.9,8.5,30.4,21.7,27.5,1.5,47.8
"262","Bradley Jr., Jackie",598265,370,70,4,20.8,6.5,0.203,0.311,0.255,0.566,2,0.252,0.268,87.6,29.4,4.8,7.4,22.3,21.9,36.8,6.7,37.2
"263","Suarez, Eugenio",553993,629,128,31,31.2,11.6,0.236,0.459,0.332,0.791,0,0.344,0.339,89.8,36.4,14.8,7.4,20.5,29,24.4,3.7,43.5
"264","Newman, Kevin",621028,309,79,2,15.5,5.2,0.274,0.372,0.316,0.688,8,0.303,0.285,85.8,31.7,1.6,3.3,28.8,25.9,33.3,6.2,27.2
"265","Velazquez, Nelson",676369,206,38,6,31.6,9.2,0.205,0.373,0.286,0.659,5,0.291,0.305,89.2,35,13.3,9.2,17.5,24.2,29.2,4.2,43.6
"266","Mancini III, Trey",641820,587,124,18,23,9,0.239,0.391,0.319,0.71,0,0.312,0.327,89.5,39.6,9.8,10.3,23.7,23.4,30.6,2.1,40.4
"267","Espinal, Santiago",669289,491,120,7,13.8,7.3,0.267,0.37,0.322,0.692,6,0.305,0.298,86.1,33.8,3.4,3.6,25.7,26.8,35.1,5.5,31.7
"268","Voit III, Luke",572228,568,113,22,31.5,9.7,0.226,0.402,0.308,0.71,1,0.311,0.322,89.8,34.6,14.7,8.3,23.2,27.2,21.4,5.2,44.3
"269","Ramirez, Harold",623912,435,121,6,16.6,4.4,0.3,0.404,0.343,0.747,3,0.327,0.31,88.5,32.2,4.8,6.6,26.9,17.9,37.3,6.3,41.2
"270","Smith, Kevin",675656,151,25,2,27.8,4.6,0.18,0.302,0.216,0.518,4,0.226,0.236,87,32.4,7.8,5.9,16.7,32.4,31.4,5.9,33.3
"271","Barnes, Austin",605131,212,38,8,17.5,12.7,0.212,0.38,0.324,0.704,2,0.315,0.298,87.4,31,4.8,5.5,18.6,31.7,33.1,6.2,35.2
"272","Hays, Austin",669720,582,134,16,19.6,5.8,0.25,0.413,0.306,0.719,2,0.314,0.298,87.7,32.3,5.2,7.1,23.3,25.5,35.1,3.3,37.7
"273","Friedl Jr., TJ",670770,258,54,8,15.5,7.8,0.24,0.436,0.314,0.75,7,0.323,0.283,87.2,30.9,4.7,6.8,20.4,36.1,23.6,8.4,29.8
"274","Mateo, Jorge",622761,533,109,13,27.6,5.1,0.221,0.379,0.267,0.646,35,0.281,0.272,86.8,35.5,6,5.7,21.6,29.5,30.7,6.3,32.7
"275","Stott, Bryson",681082,466,100,10,19.1,7.7,0.234,0.358,0.295,0.653,12,0.289,0.284,88.1,29.4,4.4,4.4,26.5,26.8,33.2,4.4,36.8
"276","Laureano, Ramon",657656,383,73,13,27.2,6.5,0.211,0.376,0.287,0.663,11,0.294,0.307,88.7,28.9,11.6,4.1,23.6,26.9,29.3,4.5,38.4
"277","Zunino, Mike",572287,123,17,5,37.4,4.9,0.148,0.304,0.195,0.499,0,0.219,0.252,91.8,34.3,8.6,12.9,20,38.6,17.1,2.9,41.4
"278","Mendick, Danny",664901,106,28,3,21.7,6.6,0.289,0.443,0.343,0.786,1,0.344,0.273,86.8,38.7,4,2.7,25.3,25.3,38.7,4,20
"279","Suwinski, Jack",669261,372,66,19,30.6,11,0.202,0.411,0.298,0.709,4,0.311,0.307,88.3,26.3,12.2,7.5,19.7,25.8,28.6,5.6,40.4
"280","Segura, Jean",516416,387,98,10,15,6.5,0.277,0.387,0.336,0.723,13,0.32,0.303,87.6,28.3,4.4,4,23.9,17.5,45.1,4,38.4
"281","Thompson, Bubba",669352,181,45,1,30.9,3.9,0.265,0.312,0.302,0.614,18,0.274,0.203,84.8,21.6,1.7,4.3,15.5,23.3,38.8,16.4,21.6
"282","Diaz, Lewin",650331,174,27,5,31,6.3,0.169,0.287,0.224,0.511,1,0.228,0.219,88.3,29.6,5.6,4.6,18.5,38,30.6,2.8,28.7
"283","Trevino, Jose",624431,353,83,11,17.6,4.2,0.248,0.388,0.283,0.671,2,0.293,0.281,87.9,31,5.1,4,24.8,31,29.2,4.4,35
"284","Almora Jr., Albert",546991,235,48,5,19.6,7.2,0.223,0.349,0.282,0.631,3,0.279,0.27,84,29.8,1.8,4.1,25.1,21.6,37.4,7.6,25.4
"285","Hosmer, Eric",543333,419,102,8,15.3,8.8,0.268,0.382,0.334,0.716,0,0.313,0.311,88.4,29.3,5.7,5.7,22.4,15.5,43.8,5.7,39.7
"286","Adams, Riley",656180,155,25,5,29.7,7.7,0.176,0.31,0.245,0.555,0,0.249,0.274,90.2,25,9.4,9.4,14.6,24,38.5,3.1,45.8
"287","Estrada, Thairo",642731,541,127,14,16.5,6.1,0.26,0.4,0.322,0.722,21,0.317,0.299,86.2,31.6,4.4,4.7,24.2,21,38.5,6.7,31.1
"288","Kennedy, Buddy",671083,94,18,1,24.5,8.5,0.217,0.325,0.287,0.612,0,0.271,0.258,88.6,38.7,1.6,6.5,24.2,32.3,35.5,0,32.3
"289","Yelich, Christian",592885,671,145,14,24.1,13.1,0.252,0.383,0.355,0.738,19,0.328,0.335,91.5,30.3,8.2,6.7,25.5,13.2,43.3,3.1,48.6
"290","Escobar, Eduardo",500871,542,119,20,23.8,7.4,0.24,0.43,0.295,0.725,0,0.311,0.314,88.3,38.7,9.4,8.9,23.7,33.3,21,3.5,37.6
"291","Madrigal, Nick",663611,228,52,0,11.8,6.1,0.249,0.282,0.305,0.587,3,0.267,0.283,85.9,26.6,0,1.6,23.9,16.3,51.1,4.3,24.6
"292","Allen, Nick",669397,326,62,4,19.6,5.8,0.207,0.291,0.256,0.547,3,0.245,0.238,83.9,26,1.2,3.3,24,23.1,39.7,8.7,22.3
"293","Nootbaar, Lars",663457,347,66,14,20.5,14.7,0.228,0.448,0.34,0.788,4,0.342,0.346,91.7,30.4,12.1,4.9,22.3,23.2,33.5,4,46
"294","Fairchild, Stuart",656413,110,24,5,30.9,7.3,0.247,0.464,0.336,0.8,0,0.35,0.317,88.9,31.7,9.5,7.9,20.6,20.6,36.5,4.8,41.3
"295","Franco, Maikel",596748,388,85,9,19.3,3.1,0.229,0.342,0.255,0.597,1,0.261,0.272,87,33.1,4.7,5.7,25.1,25.8,32.4,5.4,34.4
"296","Lamb, Jake",571875,111,21,3,34.2,9.9,0.216,0.392,0.315,0.707,0,0.314,0.314,91.5,35.6,11.9,6.8,25.4,28.8,25.4,1.7,44.1
"297","DeJong, Paul",657557,237,33,6,33.3,8.9,0.157,0.286,0.245,0.531,3,0.241,0.267,87.6,25.6,9.8,5.3,20.3,39.1,20.3,5.3,37.6
"298","Madris, Bligh",676632,123,20,1,25.2,8.1,0.177,0.265,0.244,0.509,2,0.231,0.262,88.9,30.5,4.9,7.3,20.7,20.7,41.5,4.9,41.5
"299","Pena, Jeremy",665161,558,132,22,24.2,3.9,0.253,0.426,0.289,0.715,11,0.309,0.3,88.1,32.9,9.7,5.4,25,19.9,33.7,5.9,36.7
"300","Perdomo, Geraldo",672695,500,84,5,20.6,10,0.195,0.262,0.285,0.547,9,0.253,0.269,85,28.1,2,2,25.4,25.1,33.6,10.8,25.1
"301","Nevin, Tyler",663527,184,31,2,25,10.9,0.197,0.261,0.299,0.56,0,0.261,0.293,87.3,34.2,3.5,5.3,26.3,32.5,25.4,6.1,37.7
"302","Jones, Nolan",666134,94,21,2,33,8.5,0.244,0.372,0.309,0.681,0,0.297,0.325,89.3,49.1,14.5,7.3,27.3,23.6,21.8,5.5,49.1
"303","Castro, Willi",650489,392,88,8,20.9,3.8,0.241,0.367,0.284,0.651,9,0.285,0.29,84.8,35.5,3.5,4.2,29.3,25.4,31.4,5.9,31.4
"304","Mitchell, Cal",668751,232,48,5,22.4,7.8,0.226,0.349,0.286,0.635,3,0.281,0.292,89.9,34,4.9,5.6,27.2,21.6,36.4,4.3,40.7
"305","Carpenter, Kerry",681481,113,26,6,28.3,5.3,0.252,0.485,0.31,0.795,0,0.342,0.294,87.2,37.5,11.1,8.3,22.2,25,30.6,2.8,36.1
"306","Duffy, Matt",622110,247,57,2,20.2,6.9,0.25,0.311,0.308,0.619,0,0.279,0.28,87.1,38.8,2.8,5.1,28.7,24.2,37.6,1.1,25.8
"307","Iglesias, Jose",578428,467,128,3,12,3.6,0.292,0.38,0.328,0.708,2,0.312,0.281,83.8,30.6,0.5,2.3,29,20.5,40.9,6,27.7
"308","Barrero, Jose",676480,174,25,2,43.7,5.2,0.152,0.206,0.195,0.401,4,0.183,0.18,87.5,33.7,2.2,6.7,22.5,34.8,25.8,6.7,35.2
"309","Azocar, Jose",640492,216,52,0,20.4,5.6,0.257,0.332,0.298,0.63,5,0.278,0.277,88.3,31.3,2.5,5,25,23.8,37.5,5,30.6
"310","Pederson, Joc",592626,433,104,23,23.1,9.7,0.274,0.521,0.353,0.874,3,0.373,0.367,93.2,34.2,15.1,5.6,23.9,27.8,22.9,3.9,52.1
"311","Huff, Sam",669087,132,29,4,31.8,8.3,0.24,0.372,0.303,0.675,1,0.296,0.294,88.9,35.4,10.1,2.5,25.3,24.1,34.2,3.8,36.7
"312","Springer III, George",543807,583,137,25,17.2,9.3,0.267,0.472,0.342,0.814,14,0.352,0.342,88.7,31.8,8.4,7.2,22,25.8,31.8,4.5,42.3
"313","Moran, Colin",592567,128,23,5,23.4,12.5,0.211,0.376,0.305,0.681,0,0.3,0.318,90.4,30.5,8.5,7.3,24.4,19.5,39,0,39
"314","Montero, Elehuris",660707,185,41,6,32.4,4.3,0.233,0.432,0.27,0.702,0,0.303,0.26,89.8,34.5,8.6,6.9,25.9,27.6,28.4,2.6,39.7
"315","Reyes, Franmil",614177,473,97,14,33.2,6.3,0.221,0.365,0.273,0.638,2,0.28,0.275,92,27.8,11.3,8.5,19,22.2,37.7,1.1,45.8
"316","Edman, Tommy",669242,630,153,13,17.6,7.3,0.265,0.4,0.324,0.724,32,0.318,0.308,88.6,31.6,6.2,5.1,25.6,20.7,37.2,4.5,37.8
"317","Stanton, Giancarlo",519317,452,84,31,30.3,11.1,0.211,0.462,0.297,0.759,0,0.327,0.35,95,26.9,19.3,4.5,20.5,19.7,34.5,1.1,52.3
"318","VanMeter, Josh",642165,192,32,3,23.4,9.9,0.187,0.292,0.266,0.558,4,0.251,0.288,88.1,37.5,4.7,7,29.7,30.5,24.2,3.9,33.6
"319","Pham, Tommy",502054,622,131,17,26.8,9,0.236,0.374,0.312,0.686,8,0.304,0.311,92.2,33.2,7.9,8.2,23.5,21.7,36,2.3,48.5
"320","Castro, Rodolfo",666801,277,59,11,26.7,7.9,0.233,0.427,0.296,0.723,5,0.314,0.28,87.3,25.6,6.7,7.2,20,21.7,38.3,5.6,35
"321","Tsutsugo, Yoshi",660294,193,29,2,25.9,9.8,0.171,0.229,0.249,0.478,0,0.221,0.254,88.8,32.3,5.6,3.2,22.6,28.2,40.3,0,36.3
"322","Aquino, Aristides",606157,276,51,10,36.6,6.2,0.197,0.363,0.246,0.609,2,0.267,0.243,85.6,27.2,8.2,1.9,20.9,32.3,24.7,9.5,34.6
"323","Pache, Cristian",665506,260,40,3,26.9,5.8,0.166,0.241,0.218,0.459,2,0.207,0.259,89.4,25.3,3.4,3.4,25.9,16.1,44.8,5.7,40.8
"324","Baddoo, Akil",668731,225,41,2,28.4,10.7,0.204,0.269,0.289,0.558,9,0.256,0.253,85,29.9,3.6,2.2,21.9,32.1,32.1,7.3,27
"325","Higgins, P.J.",664731,229,46,6,25.3,9.6,0.229,0.383,0.31,0.693,0,0.306,0.264,86,34.7,3.4,4.1,25.9,23.8,35.4,6.1,25.5
"326","Pollock, AJ",572041,527,120,14,18.6,6.1,0.245,0.389,0.292,0.681,3,0.297,0.317,88.8,32.9,9.4,5.8,23,23.3,33.4,4.8,42
"327","Cano, Robinson",429664,104,15,1,24,3.8,0.15,0.19,0.183,0.373,0,0.169,0.237,88.2,29.3,4,4,22.7,22.7,40,6.7,41.3
"328","Bregman, Alex",608324,656,142,23,11.7,13.3,0.259,0.454,0.366,0.82,1,0.358,0.35,88.9,36.2,7.3,9.4,24.3,32.6,23.3,2.9,37.8
"329","France, Ty",664034,613,151,20,15.3,5.7,0.274,0.436,0.338,0.774,0,0.337,0.321,87.6,34.8,5.4,5,27.5,21.9,35.3,3.9,36.8
"330","Semien, Marcus",543760,724,163,26,16.6,7.3,0.248,0.429,0.304,0.733,25,0.317,0.306,87.3,32.4,6.8,6.2,23.8,35.3,24.1,3.8,34.9
"331","Kiermaier, Kevin",595281,221,47,7,27.6,6.3,0.228,0.369,0.281,0.65,6,0.286,0.305,87.9,33.8,6.9,4.8,29,16.6,40.7,2.1,38.6
"332","Caratini, Victor",605170,314,54,9,21.3,9.9,0.199,0.342,0.3,0.642,0,0.289,0.309,89.4,30,6.3,5.3,28.5,20.3,35.7,3.9,43.5
"333","Bleday, JJ",668709,238,34,5,28.2,12.6,0.167,0.309,0.277,0.586,4,0.266,0.278,86.3,37.4,8.6,5,20.9,44.6,14.4,6.5,33.8
"334","Mercedes, Yermin",606213,83,17,1,20.5,10.8,0.233,0.342,0.325,0.667,0,0.301,0.329,87.5,42.9,7.1,3.6,30.4,37.5,17.9,3.6,28.6
"335","Cabrera, Miguel",408234,433,101,5,23.3,6.5,0.254,0.317,0.305,0.622,1,0.275,0.275,89.9,35.2,4.7,3.7,28.9,18.3,41.9,2,38.2
"336","Bader, Harrison",664056,313,73,5,19.8,4.8,0.25,0.356,0.294,0.65,17,0.286,0.27,83.4,28.4,3.4,5.6,24.1,31.9,26.3,8.6,26.3
"337","Cain, Lorenzo",456715,156,26,1,23.1,5.1,0.179,0.234,0.231,0.465,2,0.212,0.23,87.9,21.8,0,8.2,19.1,19.1,48.2,5.5,36.4
"338","Grossman, Robbie",543257,477,86,7,27,11.7,0.209,0.311,0.31,0.621,6,0.283,0.281,86.7,38.5,3.5,7.7,26.9,37.4,22.4,2.1,30.4
"339","Thompson, Trayce",572204,255,56,13,36.5,12.5,0.256,0.507,0.353,0.86,4,0.37,0.366,92.2,45.3,16.4,7.8,27.3,25,21.1,2.3,46.9
"340","Harper, Bryce",547180,426,106,18,20.4,10.8,0.286,0.514,0.364,0.878,11,0.369,0.38,92.1,37.2,12.8,6.2,26.6,21.4,29,3.8,47.9
"341","Kirk, Alejandro",672386,541,134,14,10.7,11.6,0.285,0.415,0.372,0.787,0,0.347,0.351,90.5,32,6.7,6.5,27.2,20.2,35.3,3.8,45.4
"342","Stowers, Kyle",669065,98,23,3,29.6,5.1,0.253,0.418,0.306,0.724,0,0.316,0.335,91.1,38.7,11.3,3.2,32.3,24.2,24.2,4.8,50
"343","Serven, Brian",661531,205,38,6,21.5,6.3,0.203,0.332,0.261,0.593,0,0.263,0.254,84.5,32.9,2.7,4.1,26.7,24,33.6,8.2,29.5
"344","Clemens, Kody",665019,127,17,5,26,6.3,0.145,0.308,0.197,0.505,1,0.22,0.252,89.4,26.7,5.8,5.8,20.9,37.2,27.9,2.3,37.2
"345","Grissom, Vaughn",687093,156,41,5,21.8,7.1,0.291,0.44,0.353,0.793,5,0.345,0.326,84.6,35.2,7.4,2.8,28.7,19.4,34.3,7.4,34.3
"346","Moustakas, Mike",519058,285,54,7,26.3,8.4,0.214,0.345,0.295,0.64,2,0.286,0.27,87.6,36.1,6.1,5.6,22.8,36.7,25.6,3.3,33.9
"347","Grisham, Trent",663757,524,83,17,28.6,10.9,0.184,0.341,0.284,0.625,7,0.28,0.296,88.3,25.5,8.1,5.8,19,28.1,28.4,10.3,35.5
"348","Rizzo, Anthony",519203,548,104,32,18.4,10.6,0.224,0.48,0.338,0.818,6,0.352,0.349,89.4,34.2,10.9,7.7,21.6,31.7,23.8,4.4,41
"349","Burdick, Peyton",680814,102,19,4,34.3,7.8,0.207,0.38,0.284,0.664,1,0.294,0.296,90,35.1,10.5,8.8,19.3,29.8,28.1,3.5,38.6
"350","Rodriguez, Julio",677594,560,145,28,25.9,7.1,0.284,0.509,0.345,0.854,25,0.366,0.337,92,32.7,13.1,8.4,19.3,19.1,36.5,2.5,50.7
"351","Harris II, Michael",671739,441,123,19,24.3,4.8,0.297,0.514,0.339,0.853,20,0.368,0.335,89.5,32.8,10.1,6.8,20.8,12.7,41.9,7.5,45.1
"352","Slater, Austin",596103,325,73,7,27.4,12.3,0.264,0.408,0.366,0.774,12,0.344,0.351,89,43.2,10.5,6.8,28.9,14.2,33.7,5.8,39.5
"353","Reynolds, Bryan",668804,614,142,27,23,9.1,0.262,0.461,0.345,0.806,7,0.349,0.329,90.2,35.5,7.9,6,24.8,25.8,31.5,4,42.9
"354","Peralta, David",444482,490,110,12,23.3,8.4,0.251,0.415,0.316,0.731,1,0.315,0.313,90.3,35,8.5,9.1,26.9,25.7,28.1,1.8,44.4
"355","Culberson, Charlie",518586,124,29,2,25,4,0.252,0.357,0.283,0.64,2,0.281,0.251,85.3,28.4,1.1,9.1,27.3,12.5,38.6,11.4,27.3
"356","Maldonado, Martin",455117,379,64,15,30.6,5.8,0.186,0.352,0.248,0.6,0,0.264,0.253,88.4,31.6,8.1,6,21.4,29.1,29.9,5.1,40.2
"357","Stassi, Max",545358,375,60,9,29.9,10.1,0.18,0.303,0.267,0.57,0,0.258,0.266,88.6,26,9.4,4.9,17.9,23.8,40.4,3.1,39.5
"358","Carpenter, Matt",572761,154,39,15,22.7,12.3,0.305,0.727,0.412,1.139,0,0.472,0.36,89.8,41.1,13.7,9.5,22.1,32.6,14.7,6.3,42.1
"359","Camargo, Johan",622666,166,36,3,22.3,7.8,0.237,0.316,0.297,0.613,0,0.276,0.267,86.4,37.1,2.6,2.6,24.1,30.2,34.5,6,27.6
"360","Yastrzemski, Mike",573262,558,104,17,25.3,10.9,0.214,0.392,0.305,0.697,5,0.307,0.314,89.9,36.2,11.1,5.1,21.4,32.8,24.5,4.8,42.5
"361","Machado, Manny",592518,644,172,32,20.7,9.8,0.298,0.531,0.366,0.897,9,0.382,0.338,91.5,36.7,9.8,9.8,24.4,25.5,27.5,2.9,49
"362","Dubon, Mauricio",643289,265,52,5,11.3,4.9,0.214,0.313,0.252,0.565,2,0.248,0.272,84.7,28.1,2.3,5.9,22.6,33,28.1,8.1,29.9
"363","Sanchez, Gary",596142,471,86,16,28.9,8.5,0.205,0.377,0.282,0.659,2,0.29,0.321,90.5,29.2,13.5,5.9,19.1,27.1,26.4,7.6,49.3
"364","Alberto, Hanser",593643,159,38,2,15.7,1.9,0.244,0.365,0.258,0.623,0,0.27,0.234,82.9,30.5,1.5,6.9,20.6,27.5,33.6,9.9,18.3
"365","Lopez, Nicky",670032,480,99,0,13.1,6,0.227,0.273,0.281,0.554,13,0.251,0.273,84.9,31.3,1.6,2.9,25,20.6,40.9,9.1,22.9
"366","Castellanos, Nick",592206,558,138,13,23.3,5.2,0.263,0.389,0.305,0.694,7,0.304,0.302,87.5,36.9,6.6,6.1,26.5,27.5,28.8,4,35.1
"367","Olson, Matt",621566,699,148,34,24.3,10.7,0.24,0.477,0.325,0.802,0,0.344,0.347,92.9,33.8,13.6,7.6,22,27.6,27.1,2,50.9
"368","Suzuki, Seiya",673548,446,104,14,24.7,9.4,0.262,0.433,0.336,0.769,9,0.334,0.326,89.6,36.9,11,5.5,22.4,26.2,31,2.4,41.3
"369","Kirilloff, Alex",666135,156,36,3,23.1,3.2,0.25,0.361,0.29,0.651,0,0.286,0.278,89.3,28.2,6.4,5.5,23.6,20,41.8,2.7,45.5
"370","Margot, Manuel",622534,363,92,4,18.7,6.6,0.274,0.375,0.325,0.7,7,0.308,0.299,89.5,30.9,3.7,3.7,28.3,24.2,34.6,5.2,37.9
"371","Gregorius, Didi",544369,232,45,1,15.5,5.6,0.21,0.304,0.263,0.567,1,0.251,0.275,84.5,33.3,2.8,5,25.6,31.1,30,5,22.8
"372","Mazeika, Patrick",664850,72,13,1,12.5,2.8,0.191,0.294,0.214,0.508,0,0.222,0.218,84.5,29.5,3.3,3.3,18,34.4,32.8,8.2,18
"373","Stephenson, Tyler",663886,183,53,6,25.7,6.6,0.319,0.482,0.372,0.854,1,0.37,0.318,87.1,46.3,6.6,7.4,29.8,19,33.1,4.1,34.7
"374","Winker, Jesse",608385,547,100,14,18.8,15.4,0.219,0.344,0.344,0.688,0,0.313,0.345,87.7,32,7.6,3.1,26.1,31.5,28.1,3.4,34.3
"375","Fortes, Nick",663743,240,50,9,18.8,7.5,0.23,0.392,0.304,0.696,5,0.308,0.319,89.3,30.2,7,5.2,25,31.4,28.5,1.7,37.8
"376","Vavra, Terrin",679631,103,23,1,18.4,11.7,0.258,0.337,0.34,0.677,0,0.303,0.318,87.5,37.5,1.4,6.9,29.2,26.4,27.8,6.9,23.6
"377","Perez, Salvador",521692,473,113,23,23,3.8,0.254,0.465,0.292,0.757,0,0.324,0.323,91.4,34.8,11.2,8,22.4,31,25.1,2.4,49
"378","Plawecki, Kevin",608700,186,37,1,17.2,7.5,0.22,0.286,0.286,0.572,0,0.259,0.268,89.3,28.3,0,6.5,26.8,27.5,36.2,2.2,37.7
"379","Bolt, Skye",621450,116,21,4,25.9,6,0.198,0.33,0.259,0.589,5,0.261,0.258,89.2,29.9,5.2,3.9,19.5,29.9,37.7,2.6,35.1
"380","Crawford, J.P.",641487,603,126,6,13.3,11.3,0.243,0.336,0.339,0.675,3,0.306,0.315,85.1,32.4,2,4.7,24.3,24.3,37.3,6.5,29.7
"381","Muncy, Max",571970,565,91,21,25,15.9,0.196,0.384,0.329,0.713,2,0.318,0.339,90.3,34.3,13.4,10.3,18.8,33.4,20.1,3.6,45.6
"382","Lowe, Brandon",664040,266,52,8,22.9,10.2,0.221,0.383,0.308,0.691,1,0.306,0.32,89.4,35.4,10.3,4.6,20,30.9,29.1,5.1,38.9
"383","Narvaez, Omar",553882,296,54,4,19.3,9.8,0.206,0.305,0.292,0.597,0,0.269,0.268,84.7,36.7,2.4,4.8,24.2,35.3,27.5,5.3,18.4
"384","Wade, Tyler",642180,163,32,1,20.2,6.1,0.218,0.272,0.272,0.544,8,0.247,0.248,83.9,37,1.7,3.4,18.5,26.9,28.6,21,16
"385","Collins, Zack",641470,108,15,4,38,8.3,0.155,0.32,0.231,0.551,0,0.245,0.257,91,35.1,8.8,5.3,24.6,35.1,26.3,0,40.4
"386","Miller, Owen",680911,472,103,6,19.7,6.8,0.243,0.351,0.301,0.652,2,0.287,0.291,85.8,35,3.5,5.6,24.7,27.9,32.6,5.3,31.2
"387","Aguilar, Jesus",542583,507,109,16,23.5,5.5,0.235,0.379,0.281,0.66,1,0.288,0.298,87.7,39.7,6.9,7.7,27.1,30.3,25.1,2.6,36
"388","Kim, Ha-Seong",673490,582,130,11,17.2,8.8,0.251,0.383,0.325,0.708,12,0.313,0.309,86.7,34,4.2,6.1,24.8,28.5,29.5,6.1,32.4
"389","Contreras, William",661388,376,93,20,27.7,10.4,0.278,0.506,0.354,0.86,2,0.37,0.347,90.4,31.9,13.4,4.7,24.6,15.5,37.1,4.3,46.6
"390","Bote, David",623520,127,30,4,35.4,4.7,0.259,0.431,0.315,0.746,1,0.325,0.289,92.4,34.7,6.9,8.3,30.6,12.5,34.7,5.6,55.6
"391","Solano, Donovan",456781,304,79,4,20.1,6.3,0.284,0.385,0.339,0.724,0,0.319,0.315,88.3,36.1,5.9,6.8,31.1,19.2,31.1,4.6,41.2
"392","Arcia, Orlando",606115,234,51,9,21.8,9,0.244,0.416,0.316,0.732,0,0.321,0.329,90.7,30,7.5,8.1,25.6,24.4,28.7,5,42.5
"393","Joe, Connor",656582,467,96,7,20.8,11.8,0.238,0.359,0.338,0.697,6,0.314,0.311,85.3,35.1,4.5,3.9,26,25,34.1,5.5,33.8
"394","Simmons, Andrelton",592743,85,13,0,15.3,8.2,0.173,0.187,0.244,0.431,4,0.204,0.199,81.4,20,0,1.5,12.3,20,52.3,10.8,10.8
"395","Wong, Kolten",543939,497,108,15,17.7,9.3,0.251,0.43,0.339,0.769,17,0.336,0.305,87,33.5,5.4,6.3,21.2,26.6,34.4,5.7,35.5
"396","Ramirez, Jose",608070,685,168,29,12,10.1,0.28,0.514,0.355,0.869,20,0.363,0.32,87.7,33.7,6.6,6.4,22.3,37.3,21.8,5.3,36.9
"397","Lowe, Josh",666139,198,40,2,33.3,7.6,0.221,0.343,0.284,0.627,3,0.276,0.272,88.3,47.4,5.2,10.3,22.4,27.6,30.2,4.3,37.1
"398","Swanson, Dansby",621020,696,177,25,26.1,7,0.277,0.447,0.329,0.776,18,0.337,0.337,90.2,37,10.8,8,27.1,25.3,26.4,2.2,46.3
"399","Vierling, Matt",663837,357,80,6,19.6,6.4,0.246,0.351,0.297,0.648,7,0.285,0.324,91.2,35.2,5,7.7,29.9,24.5,31.8,1.1,47.1
"400","De La Cruz, Bryan",650559,355,83,13,25.4,5.4,0.252,0.432,0.294,0.726,4,0.313,0.355,90.8,43.6,11.9,6.2,28.4,18.1,31.3,4.1,47.3
"401","O'Neill, Tyler",641933,383,76,14,26.9,9.9,0.228,0.392,0.308,0.7,14,0.307,0.331,89.8,36.6,11.3,6.7,22.3,24.8,30.7,3.8,43.3
"402","Bell, Josh",605137,647,147,17,15.8,12.5,0.266,0.422,0.362,0.784,0,0.344,0.349,88.9,30.7,7.2,3.7,27.4,20.6,36.6,4.2,40.8
"403","Choi, Ji Man",596847,419,83,11,29.4,13.8,0.233,0.388,0.341,0.729,0,0.322,0.337,92.2,37.3,11.9,8.1,27.5,16.9,33.1,2.5,47.5
"404","Papierski, Michael",657709,103,13,1,25.2,9.7,0.143,0.187,0.228,0.415,0,0.197,0.217,77.4,28.4,0,3,20.9,22.4,34.3,19.4,9
"405","Ortega, Rafael",542364,371,76,7,19.9,11.9,0.241,0.358,0.331,0.689,12,0.305,0.307,87.2,37.6,4.8,5.2,26.8,33.2,26,3.6,33.7
"406","Nimmo, Brandon",607043,673,159,16,17.2,10.5,0.274,0.433,0.367,0.8,3,0.353,0.342,89.4,28.1,7,3.6,25.1,19.8,38.5,5.5,39.8
"407","Larnach, Trevor",663616,180,37,5,31.7,10,0.231,0.406,0.306,0.712,0,0.309,0.322,90.1,36.2,11.4,10.5,20,23.8,32.4,1.9,43.8
"408","O'Hearn, Ryan",656811,145,32,1,24.1,5.5,0.239,0.321,0.29,0.611,0,0.272,0.33,92.1,38,7,11,31,19,27,4,48
"409","Pasquantino, Vinnie",686469,298,76,10,11.4,11.7,0.295,0.45,0.383,0.833,1,0.365,0.374,91.2,34.1,8.8,7.5,26.5,24.3,30.5,1.8,46.9
"410","Adell, Jo",666176,285,60,8,37.5,3.9,0.224,0.373,0.264,0.637,4,0.278,0.251,87.4,33.3,9.9,3.1,22.8,27.8,30.9,5.6,37.7
"411","Tapia, Raimel",606132,433,109,7,18.7,3.7,0.265,0.38,0.292,0.672,8,0.293,0.29,87.6,27.5,5.1,3.3,26.9,18.9,40.7,4.8,38
"412","Gallo, Joey",608336,410,56,19,39.8,13.7,0.16,0.357,0.28,0.637,3,0.286,0.295,89.6,29.3,17.6,8,14.4,34.6,17.6,8,50.5
"413","Jung, Josh",673962,102,20,5,38.2,3.9,0.204,0.418,0.235,0.653,2,0.28,0.287,85.5,40.7,10.2,6.8,27.1,18.6,32.2,5.1,32.2
"414","Walls, Taylor",670764,466,70,8,25.8,11.2,0.172,0.285,0.268,0.553,10,0.252,0.27,86.3,32.6,6.2,4.8,20.6,33,30.6,4.5,28.5
"415","Moore, Dylan",664238,255,46,6,29.4,13.3,0.224,0.385,0.368,0.753,21,0.338,0.322,87.2,39.4,12.9,7.6,17.4,31.1,22.7,8.3,36.4
"416","Chavis, Michael",656308,426,92,14,29.6,4.5,0.229,0.389,0.265,0.654,1,0.282,0.261,85.4,33,7.5,6.1,22.9,24,29.7,9.3,38.7
"417","Romine, Austin",519222,136,20,3,33.8,2.9,0.155,0.248,0.187,0.435,0,0.193,0.195,87.2,22.4,4.7,2.4,20,22.4,42.4,7.1,33.3
"418","Bart, Joey",663698,291,56,11,38.5,8.9,0.215,0.364,0.296,0.66,2,0.294,0.296,87.3,32.2,10.1,6,30.9,20.1,22.1,10.1,43
"419","Taylor, Chris",621035,454,89,10,35.2,9.7,0.221,0.373,0.304,0.677,10,0.298,0.277,87.4,40.8,10.2,6.1,24.5,31.8,21.2,5.7,38
"420","Soto, Juan",665742,664,127,27,14.5,20.3,0.242,0.452,0.401,0.853,6,0.376,0.401,91,28.5,12.4,7.2,18.2,22.2,36,4,47.4
"421","Hernandez, Enrique",571771,402,80,6,17.7,8.5,0.222,0.338,0.291,0.629,0,0.28,0.297,87.8,33.3,5.8,3.4,25.5,33.3,27.6,3.7,35
"422","Wynns, Austin",642851,177,42,3,21.5,5.6,0.259,0.358,0.313,0.671,0,0.298,0.267,84.1,31.7,4,4,23.8,25.4,31.7,11.1,27
"423","Garlick, Kyle",664247,162,35,9,29.6,4.9,0.233,0.433,0.284,0.717,0,0.311,0.305,90.2,36.9,9.7,8.7,23.3,23.3,32,2.9,47.6
"424","McGuire, Reese",624512,274,67,3,20.4,4.4,0.269,0.369,0.307,0.676,1,0.297,0.267,87,33.2,2.5,5.9,26.2,28.2,29.7,7.4,29.7
"425","Bethancourt, Christian",542194,333,80,11,24,3.6,0.252,0.409,0.283,0.692,5,0.301,0.318,90.1,31.4,11.7,6.3,24.3,21.3,31.4,4.6,44.8
"426","Lux, Gavin",666158,471,116,6,20.2,10,0.276,0.399,0.346,0.745,7,0.328,0.314,88,34,6.1,6.1,24,20.4,39.8,3.3,39.8
"427","Luplow, Jordan",656669,234,36,11,25.6,10.7,0.176,0.361,0.274,0.635,5,0.281,0.288,87.2,24,7.5,4.8,22.6,30.8,28.8,4.8,32.9
"428","Rosario, Eddie",592696,270,53,5,25.2,6.3,0.212,0.328,0.259,0.587,3,0.258,0.25,87.7,32.4,5.4,5.9,21.1,33.5,28.1,5.4,33
"429","Alcantara, Sergio",642727,224,45,6,25.4,5.4,0.22,0.356,0.261,0.617,1,0.269,0.244,86.6,32.5,1.9,3.9,26.6,29.9,33.8,3.9,32.5
"430","Engel, Adam",641553,260,55,2,29.2,4.2,0.224,0.31,0.269,0.579,12,0.256,0.246,87.9,30.8,1.8,5.3,28.4,29.6,31.4,3,33.1
"431","Villar, David",681584,181,36,9,32,9.9,0.231,0.455,0.331,0.786,0,0.344,0.283,86.8,33.3,9.1,2,21.2,36.4,25.3,6.1,36.4
"432","Olivares, Edward",658668,174,46,4,20.7,5.7,0.286,0.41,0.333,0.743,2,0.326,0.339,89.2,34.9,6.3,5.6,28.6,16.7,38.9,3.2,38.9
"433","Haase, Eric",606992,351,82,14,27.6,6.8,0.254,0.443,0.305,0.748,0,0.322,0.302,87.7,32.3,8.7,7.9,21.4,28.4,27.5,5.2,42.4
"434","Urias, Luis",649966,472,97,16,21,10.6,0.239,0.404,0.335,0.739,1,0.327,0.326,87.3,34.3,8.3,5.4,24,31.1,25.3,5.1,35.3
"435","Dalbec, Bobby",666915,353,68,12,33.4,8.2,0.215,0.369,0.283,0.652,3,0.287,0.296,90.3,32,11.8,6.4,22.2,28.6,28.1,2.5,45.8
"436","Hall, Darick",669742,142,34,9,31,3.5,0.25,0.522,0.282,0.804,0,0.343,0.312,91.4,37,17.4,6.5,20.7,28.3,25,2.2,44.6
"437","Stubbs, Garrett",596117,121,28,5,24.8,11.6,0.264,0.462,0.35,0.812,2,0.355,0.275,85.2,33.8,5.2,5.2,22.1,23.4,27.3,16.9,27.3
"438","Gurriel Jr., Lourdes",666971,493,132,5,16.8,6.3,0.291,0.4,0.343,0.743,3,0.327,0.321,90.6,34.7,3.8,8.9,30.9,21.8,32.3,2.4,45.7
"439","Lopez, Alejo",664670,156,38,1,13.5,5.8,0.262,0.331,0.314,0.645,3,0.286,0.28,83.8,37.9,0.8,4.8,25,25,38.7,3.2,20.2
"440","Devers, Rafael",646240,614,164,27,18.6,8.1,0.295,0.521,0.358,0.879,3,0.373,0.361,93.1,33.1,11.5,7.7,23.9,22.5,32,2,50.9
"441","Vosler, Jason",613564,111,26,4,26.1,9,0.265,0.469,0.342,0.811,1,0.349,0.312,84.7,41.4,4.3,8.6,27.1,27.1,28.6,4.3,25.7
"442","Greene, Riley",682985,418,95,5,28.7,8.6,0.253,0.362,0.321,0.683,1,0.303,0.316,89.5,32,9.3,5,25.9,13.9,41.3,3.9,45.2
"443","Barrera, Luis",642456,85,18,1,20,7.1,0.234,0.338,0.294,0.632,3,0.28,0.261,87.1,32.8,3.3,9.8,18,19.7,44.3,4.9,32.8
"444","Beer, Seth",666179,126,21,1,24.6,8.7,0.189,0.243,0.278,0.521,0,0.239,0.276,85.9,33.3,3.7,9.9,23.5,19.8,34.6,6.2,29.6
"445","Meneses, Joey",608841,240,72,13,21.7,6.3,0.324,0.563,0.367,0.93,1,0.395,0.332,91.4,39,9.9,5.8,26.7,19.2,35.5,2.3,47.1
"446","Castro, Harold",605612,443,114,7,17.8,3.8,0.271,0.381,0.3,0.681,0,0.297,0.316,87,41.6,6.1,7.8,28.9,20.5,31.2,4.3,33.3
"447","Garcia, Avisail",541645,380,80,8,28.7,4.5,0.224,0.317,0.266,0.583,4,0.258,0.281,88.7,27.6,6.4,8.8,20,16,42.4,5.6,44.8
"448","Barnhart, Tucker",571466,308,62,1,24,8.1,0.221,0.267,0.287,0.554,0,0.253,0.244,84.5,30.3,1.9,2.9,22.6,27.4,38.9,5.3,26
"449","Toglia, Michael",669911,120,24,2,36.7,7.5,0.216,0.378,0.275,0.653,1,0.285,0.261,87.4,32.8,7.5,3,32.8,28.4,22.4,6,40.3
"450","Biggio, Cavan",624415,303,52,6,28.1,12.5,0.202,0.35,0.318,0.668,2,0.302,0.288,88.3,36.2,6.9,8.6,23,32.8,27,1.1,32.8
"451","Diaz, Aledmys",649557,327,74,12,16.2,5.5,0.243,0.403,0.287,0.69,1,0.301,0.308,86.6,30.3,6.3,5.9,24,24.8,30.3,8.3,36.8
"452","Martinez, J.D.",502110,596,146,16,24.3,8.7,0.274,0.448,0.341,0.789,0,0.343,0.349,89.1,42,12.5,8.9,23.2,24.2,27.5,3.6,41.7
"453","Kiner-Falefa, Isiah",643396,531,126,4,13.6,6.6,0.261,0.327,0.314,0.641,22,0.285,0.29,86.2,29.6,1.2,4.3,26.5,18.1,43.2,6.4,30.1
"454","Fraley, Jake",641584,247,56,12,21.9,10.5,0.259,0.468,0.344,0.812,4,0.352,0.333,85.1,33.5,7.3,5.5,25,25,32.3,3.7,27.6
"455","Garcia, Dermis",660650,125,24,5,44,6.4,0.207,0.388,0.264,0.652,0,0.285,0.244,86.5,27.9,13.1,1.6,16.4,24.6,32.8,11.5,42.6
"456","Carroll, Corbin",682998,115,27,4,27,7,0.26,0.5,0.33,0.83,2,0.358,0.293,85.8,34.2,5.5,8.2,19.2,20.5,41.1,5.5,32.9
"457","Smith, Dominic",642086,152,26,0,24.3,7.9,0.194,0.284,0.276,0.56,0,0.254,0.293,89.6,28.3,7.1,7.1,24.2,25.3,33.3,3,46.5
"458","Reyes, Victor",622682,336,80,3,22.9,3.9,0.254,0.362,0.289,0.651,2,0.284,0.292,87.9,35.5,5,5,31.4,21.9,30.6,6.2,36.8
"459","Eaton, Nate",681987,122,28,1,24.6,8.2,0.264,0.387,0.331,0.718,11,0.313,0.297,85.8,43.8,5,7.5,22.5,35,25,5,27.5
"460","Urshela, Gio",570482,551,143,13,17.4,7.4,0.285,0.429,0.338,0.767,1,0.332,0.323,88.9,38.6,7,6.6,26.9,24.5,31.1,2.9,37.6
"461","Happ, Ian",664023,641,155,17,23.2,9,0.271,0.44,0.342,0.782,9,0.339,0.306,89.7,29.2,6.5,6.5,24.1,23.8,35.3,2.8,40.4
"462","Schwarber, Kyle",656941,669,126,46,29.9,12.9,0.218,0.504,0.323,0.827,10,0.355,0.375,93.3,35.4,20.1,8.7,17.4,27.7,21.4,4.5,54.4
"463","Siri, Jose",642350,325,64,7,33.2,6.2,0.213,0.339,0.268,0.607,14,0.268,0.261,87.2,35.1,6.2,5.2,23.7,28.9,29.9,6.2,33
"464","Kelenic, Jarred",672284,181,23,7,33.7,8.8,0.141,0.313,0.221,0.534,5,0.238,0.271,86,27.2,13.6,5.8,13.6,34,26.2,6.8,35
"465","Yepez, Juan",660766,274,64,12,22.3,5.8,0.253,0.447,0.296,0.743,0,0.319,0.286,86.5,33.2,9.2,5.6,17.3,33.2,28.6,6.1,33.7
"466","Polanco, Jorge",593871,445,88,16,21.3,14.4,0.235,0.405,0.346,0.751,3,0.333,0.358,89,37.7,10.2,6.3,25.7,33.8,19.4,4.2,38.7
"467","Moreno, Gabriel",672515,73,22,1,11,5.5,0.319,0.377,0.356,0.733,0,0.326,0.299,89.2,29.5,3.3,0,24.6,24.6,47.5,0,32.8
"468","Daza, Yonathan",602074,408,112,2,14.2,6.4,0.301,0.384,0.349,0.733,0,0.323,0.308,84.8,34.1,1.9,2.5,32.5,16.6,40.9,5.3,25
"469","Chisholm Jr., Jazz",665862,241,54,14,27.4,8.7,0.254,0.535,0.325,0.86,12,0.365,0.345,90.4,37.3,16.7,4.7,25.3,23.3,26.7,2.7,46.7
"470","Garver, Mitch",641598,215,39,10,24.7,10.7,0.207,0.404,0.298,0.702,1,0.308,0.319,88.9,37.2,8.8,11.7,21.2,32.1,24.1,2.2,38.7
"471","Velazquez, Andrew",623205,349,63,9,34.1,4.3,0.196,0.304,0.236,0.54,17,0.239,0.246,88,33,6.6,6.6,24.1,18.9,33.5,9.9,34
"472","Baez, Javier",595879,590,132,17,24.9,4.4,0.238,0.393,0.278,0.671,9,0.291,0.285,87.9,29.7,8,4.9,20.9,21.9,40.1,2.9,38
"473","Pratto, Nick",668472,182,29,7,36.3,10.4,0.184,0.386,0.271,0.657,0,0.287,0.267,86,34.4,12.5,7.3,18.8,32.3,20.8,8.3,36.5
"474","McKenna, Ryan",663630,172,37,2,32,6.4,0.237,0.34,0.294,0.634,2,0.279,0.267,86.7,37.5,9.6,3.8,22.1,26,30.8,6.7,30.1
"475","Walton, Donovan",622268,78,12,1,20.5,1.3,0.158,0.303,0.179,0.482,0,0.208,0.228,86.1,33.3,5,3.3,16.7,30,41.7,3.3,31.7
"476","Hernandez, Teoscar",606192,535,133,25,28.4,6.4,0.267,0.491,0.316,0.807,6,0.348,0.351,92.6,36.3,15,7.5,23.3,19.9,32,2.3,53.3
"477","Gordon, Nick",624503,443,110,9,23.7,4.3,0.272,0.427,0.316,0.743,6,0.321,0.333,90.6,36.6,9.4,8.1,26.2,21,33,2.3,44.7
"478","Smith, Will",669257,578,132,24,16.6,9.7,0.26,0.465,0.343,0.808,1,0.349,0.352,89.9,36.8,10.3,7.2,23.3,33.4,22.6,3.1,43
"479","Steer, Spencer",668715,108,20,2,24.1,10.2,0.211,0.326,0.306,0.632,0,0.287,0.281,84.7,30.4,5.8,1.4,23.2,29,30.4,10.1,31.9
"480","Realmuto, J.T.",592663,562,139,22,21.2,7.3,0.276,0.478,0.342,0.82,21,0.354,0.351,90.3,35.6,11.3,6.7,26.7,22.1,30.5,2.6,47.2
"481","Calhoun, Kole",594777,424,76,12,32.1,6.4,0.196,0.33,0.257,0.587,3,0.26,0.294,90.8,40.4,9.8,8.6,26.7,26.3,26.7,2,48.2
"482","Cronenworth, Jake",630105,684,140,17,19.2,10.2,0.239,0.39,0.332,0.722,3,0.318,0.303,87.6,32.3,5.6,6.9,20,37.1,25.2,4.7,34.1
"483","Hoskins, Rhys",656555,672,145,30,25.1,10.7,0.246,0.462,0.332,0.794,2,0.345,0.338,90.1,37.3,11.1,5.9,25.5,30,24.8,2.6,44.3
"484","Escobar, Alcides",444876,131,27,0,24.4,3.8,0.218,0.282,0.26,0.542,1,0.242,0.233,81.8,39.1,1.1,1.1,27.2,34.8,27.2,8.7,17.4
"485","Jeffers, Ryan",680777,236,44,7,26.3,9.7,0.208,0.363,0.285,0.648,0,0.287,0.315,88.2,35.8,13.2,11.9,15.9,25.2,23.2,9.9,42.4
"486","Santana, Carlos",467793,506,87,19,17.4,14,0.202,0.376,0.316,0.692,0,0.308,0.352,90.7,31.6,9.3,7.2,23.8,28.7,28.7,2.3,44.9
"487","Harrison, Monte",656509,14,2,1,57.1,14.3,0.182,0.455,0.357,0.812,1,0.361,0.282,103,0,33.3,0,33.3,0,33.3,0,100
"488","Lopes, Christian",547173,10,0,0,50,10,0,0,0.1,0.1,0,0.069,0.222,91.1,75,0,25,50,25,0,0,25
"489","Thomas, Dillon",605504,14,1,0,42.9,14.3,0.091,0.091,0.286,0.377,0,0.213,0.217,82.9,0,0,0,20,20,40,20,40
"490","Hamilton, Caleb",643348,23,1,1,60.9,17.4,0.056,0.222,0.227,0.449,0,0.219,0.223,95.7,40,20,0,0,20,40,20,60
"491","Jackson, Alex",656577,12,3,0,58.3,0,0.25,0.25,0.25,0.5,0,0.221,0.172,79.7,40,0,0,40,20,40,0,0
"492","Krizan, Jason",607249,10,1,0,30,20,0.125,0.125,0.3,0.425,0,0.226,0.251,94.5,40,0,0,20,40,40,0,40
"493","Allen, Austin",664119,16,1,0,56.3,6.3,0.071,0.071,0.188,0.259,0,0.143,0.153,92.7,20,0,20,0,40,40,0,60
"494","Garneau, Dustin",572863,11,3,0,36.4,9.1,0.3,0.4,0.364,0.764,0,0.338,0.334,89.5,33.3,16.7,0,33.3,50,0,0,16.7
"495","Pineda, Israel",672832,14,1,0,50,7.1,0.077,0.077,0.143,0.22,0,0.112,0.131,88.9,33.3,0,0,16.7,33.3,50,0,16.7
"496","Outman, James",681546,16,6,1,43.8,12.5,0.462,0.846,0.563,1.409,0,0.584,0.319,99.6,50,0,33.3,50,16.7,0,0,83.3
"497","Short, Zack",670097,13,0,0,38.5,15.4,0,0,0.154,0.154,1,0.106,0.232,91.8,50,33.3,0,0,66.7,0,0,50
"498","Whitefield, Aaron",664334,11,0,0,45.5,0,0,0,0,0,0,0,0.189,95.3,33.3,16.7,16.7,0,0,66.7,0,50
"499","Dunand, Joe",656388,11,3,1,27.3,0,0.3,0.7,0.364,1.064,0,0.449,0.205,85.9,28.6,0,14.3,28.6,57.1,0,0,28.6
"500","Davis, Brendon",663478,11,2,0,27.3,9.1,0.2,0.2,0.273,0.473,1,0.223,0.311,88,42.9,14.3,0,28.6,42.9,14.3,0,42.9
"501","Okey, Chris",608360,13,2,0,38.5,0,0.167,0.167,0.231,0.398,0,0.191,0.2,86.2,14.3,0,0,28.6,28.6,42.9,0,14.3
"502","Katoh, Gosuke",641741,11,1,0,9.1,27.3,0.143,0.286,0.4,0.686,0,0.333,0.351,83.3,14.3,0,0,14.3,28.6,42.9,14.3,14.3
"503","Lopez, Otto",672640,10,6,0,10,10,0.667,0.667,0.7,1.367,0,0.599,0.302,85.5,37.5,0,0,50,12.5,37.5,0,37.5
"504","Pillar, Kevin",607680,13,1,0,30.8,7.7,0.083,0.167,0.154,0.321,0,0.15,0.272,88.2,25,12.5,12.5,12.5,12.5,50,0,25
"505","Alvarez, Francisco",682626,14,2,1,28.6,14.3,0.167,0.5,0.286,0.786,0,0.336,0.421,89.1,37.5,37.5,0,12.5,12.5,37.5,0,37.5
"506","Bradley, Bobby",656252,17,2,0,52.9,0,0.118,0.118,0.118,0.236,0,0.104,0.144,87.5,25,0,12.5,25,25,37.5,0,50
"507","Lavastida, Bryan",681526,15,1,0,26.7,20,0.083,0.083,0.267,0.35,0,0.197,0.221,87.6,0,0,0,0,37.5,50,12.5,37.5
"508","Dixon, Brandon",641525,14,3,0,35.7,0,0.214,0.286,0.214,0.5,0,0.216,0.234,88.4,33.3,0,0,44.4,33.3,22.2,0,33.3
"509","Ellis, Drew",656403,17,3,0,41.2,5.9,0.188,0.25,0.235,0.485,0,0.219,0.205,88.4,44.4,0,11.1,33.3,22.2,33.3,0,33.3
"510","Bannon, Rylan",676625,15,2,0,33.3,0,0.143,0.143,0.2,0.343,0,0.166,0.176,88.7,11.1,0,0,22.2,33.3,44.4,0,44.4
"511","Hamilton, Billy",571740,23,1,0,52.2,8.7,0.05,0.05,0.136,0.186,10,0.103,0.196,78.4,33.3,0,0,22.2,33.3,11.1,33.3,11.1
"512","Aguilar, Ryan",666922,26,3,0,53.8,7.7,0.136,0.182,0.231,0.413,0,0.197,0.204,93.3,44.4,0,22.2,22.2,33.3,22.2,0,33.3
"513","Walker, Steele",667727,16,1,1,25,12.5,0.071,0.286,0.188,0.474,0,0.216,0.317,88.2,30,20,0,30,20,30,0,40
"514","Machado, Dixon",553988,17,3,0,29.4,5.9,0.2,0.2,0.294,0.494,0,0.239,0.281,71.6,30,0,0,30,30,30,10,10
"515","Mastrobuoni, Miles",670156,17,3,0,35.3,5.9,0.188,0.188,0.235,0.423,1,0.196,0.196,86.3,20,0,0,20,20,60,0,10
"516","Kolozsvary, Mark",656627,21,4,1,42.9,4.8,0.2,0.45,0.238,0.688,0,0.294,0.236,88.3,45.5,9.1,0,27.3,9.1,54.5,0,45.5
"517","Godoy, Jose",608422,22,1,0,40.9,9.1,0.05,0.05,0.136,0.186,0,0.103,0.158,78,27.3,0,9.1,9.1,9.1,45.5,27.3,18.2
"518","O'Hoppe, Logan",681351,16,4,0,18.8,12.5,0.286,0.286,0.375,0.661,0,0.307,0.287,84.3,36.4,0,0,36.4,36.4,27.3,0,9.1
"519","Johnson, Bryce",669369,19,2,0,36.8,5.3,0.111,0.111,0.158,0.269,0,0.129,0.183,82.6,45.5,0,0,27.3,36.4,36.4,0,18.2
"520","Souza Jr., Steven",519306,19,3,0,42.1,0,0.158,0.158,0.158,0.316,0,0.14,0.169,83.3,36.4,0,0,27.3,45.5,27.3,0,18.2
"521","Severino, Pedro",600474,21,4,0,33.3,14.3,0.222,0.333,0.333,0.666,0,0.303,0.227,86.7,36.4,0,9.1,18.2,45.5,27.3,0,18.2
"522","Young, Jared",676724,22,5,0,31.8,13.6,0.263,0.368,0.364,0.732,1,0.329,0.316,90.7,41.7,8.3,8.3,41.7,16.7,25,0,50
"523","Shaw, Travis",543768,19,0,0,36.8,0,0,0,0,0,0,0,0.081,79.3,41.7,0,0,8.3,66.7,8.3,16.7,8.3
"524","Herrera, Ivan",671056,22,2,0,36.4,9.1,0.111,0.111,0.19,0.301,0,0.15,0.167,85.2,16.7,0,0,16.7,33.3,33.3,16.7,16.7
"525","Davis, Jaylin",664041,27,8,0,40.7,11.1,0.333,0.375,0.407,0.782,0,0.352,0.272,88.2,53.8,0,0,53.8,15.4,23.1,7.7,38.5
"526","Batten, Matthew",676946,22,2,0,27.3,9.1,0.105,0.158,0.227,0.385,0,0.193,0.258,86.3,38.5,0,7.7,23.1,15.4,46.2,7.7,30.8
"527","Reyes, Pablo",622569,16,4,0,12.5,6.3,0.267,0.267,0.313,0.58,0,0.264,0.187,83.6,15.4,0,0,7.7,30.8,46.2,15.4,7.7
"528","Pina, Manny",444489,17,2,0,5.9,5.9,0.143,0.143,0.235,0.378,0,0.187,0.298,81.9,14.3,7.1,0,7.1,28.6,35.7,14.3,21.4
"529","Guthrie, Dalton",656495,28,7,1,25,21.4,0.333,0.476,0.5,0.976,1,0.437,0.363,76.8,50,7.1,0,28.6,28.6,21.4,14.3,14.3
"530","Ramos, Heliot",671218,22,2,0,27.3,9.1,0.1,0.1,0.182,0.282,0,0.143,0.29,87.4,21.4,7.1,0,21.4,21.4,42.9,7.1,42.9
"531","Haseley, Adam",656514,25,5,0,28,12,0.238,0.238,0.333,0.571,0,0.27,0.266,84,13.3,0,0,20,0,66.7,13.3,33.3
"532","Lee, Korey",686676,26,4,0,34.6,3.8,0.16,0.24,0.192,0.432,0,0.192,0.12,83.6,12.5,0,0,6.3,37.5,56.3,0,25
"533","Beckham, Tim",542921,25,2,0,36,0,0.08,0.08,0.08,0.16,0,0.071,0.181,90.5,12.5,0,6.3,25,12.5,50,6.3,50
"534","DeLuzio, Ben",641512,25,3,0,20,12,0.15,0.2,0.292,0.492,0,0.242,0.33,72.8,37.5,0,0,31.3,25,18.8,25,12.5
"535","Perez, Carlos",656024,18,4,0,11.1,0,0.222,0.333,0.222,0.555,0,0.238,0.234,82.4,25,0,6.3,18.8,37.5,37.5,0,12.5
"536","Siani, Michael",672279,24,4,0,29.2,0,0.167,0.167,0.167,0.334,0,0.147,0.161,81,29.4,0,5.9,23.5,35.3,11.8,23.5,23.5
"537","Proctor, Ford",665154,22,2,1,13.6,9.1,0.111,0.278,0.182,0.46,0,0.197,0.296,89.4,29.4,5.9,11.8,17.6,0,58.8,5.9,29.4
"538","Rivero, Sebastian",665861,29,4,0,34.5,6.9,0.154,0.154,0.214,0.368,0,0.175,0.221,87.2,17.6,5.9,5.9,17.6,29.4,29.4,11.8,35.3
"539","Garcia, Maikel",672580,23,7,0,21.7,4.3,0.318,0.364,0.348,0.712,0,0.315,0.242,85.9,29.4,0,0,17.6,29.4,52.9,0,29.4
"540","Payton, Mark",592622,25,3,0,16,16,0.143,0.143,0.28,0.423,0,0.216,0.236,84.6,11.8,0,0,17.6,41.2,35.3,5.9,11.8
"541","Plummer, Nick",663911,31,4,2,38.7,3.2,0.138,0.379,0.194,0.573,0,0.248,0.28,89.1,47.1,11.8,0,35.3,23.5,23.5,5.9,41.2
"542","Thomas, Cody",642137,32,8,0,37.5,6.3,0.267,0.267,0.313,0.58,0,0.264,0.247,89.5,33.3,0,11.1,27.8,16.7,44.4,0,38.9
"543","Fox, Lucius",665650,28,2,0,32.1,3.6,0.08,0.08,0.115,0.195,1,0.094,0.182,81.8,11.1,5.6,0,11.1,11.1,55.6,16.7,33.3
"544","Alvarez, Eddy",657193,27,4,0,33.3,0,0.16,0.16,0.154,0.314,1,0.136,0.179,88,22.2,0,0,33.3,27.8,27.8,11.1,27.8
"545","Florial, Estevan",664314,35,3,0,37.1,8.6,0.097,0.097,0.2,0.297,2,0.155,0.235,85.6,16.7,5.6,5.6,16.7,22.2,38.9,11.1,27.8
"546","Hernandez, Elier",609274,35,6,0,42.9,2.9,0.182,0.242,0.2,0.442,0,0.193,0.183,84,36.8,5.3,0,31.6,47.4,10.5,5.3,15.8
"547","Downs, Jeter",669023,41,6,1,51.2,2.4,0.154,0.256,0.171,0.427,0,0.184,0.153,82.9,26.3,0,5.3,31.6,36.8,21.1,5.3,21.1
"548","Martin Jr., Richie",621006,33,5,0,30.3,9.1,0.167,0.3,0.242,0.542,3,0.24,0.241,86.5,30,5,5,25,25,30,10,35
"549","Goodrum, Niko",592348,45,5,0,51.1,4.4,0.116,0.163,0.156,0.319,1,0.146,0.205,81.9,20,5,5,30,15,30,15,35
"550","Henry, Payton",668721,35,4,0,22.9,14.3,0.143,0.143,0.314,0.457,0,0.241,0.279,79.5,15,0,0,25,10,65,0,10
"551","Schrock, Max",621011,27,4,0,22.2,3.7,0.154,0.154,0.185,0.339,0,0.156,0.203,82.8,25,0,5,20,35,35,5,25
"552","Murphy, Tom",608596,42,10,1,31,19,0.303,0.455,0.439,0.894,0,0.397,0.42,94.3,45,20,5,35,15,20,5,60
"553","Gutierrez, Kelvin",642721,33,4,0,24.2,12.1,0.143,0.179,0.25,0.429,1,0.208,0.284,89.6,25,5,15,10,15,50,0,35
"554","Rooker Jr., Brent",667670,36,4,0,30.6,8.3,0.125,0.156,0.222,0.378,0,0.186,0.264,87.8,33.3,4.8,14.3,19,28.6,19,14.3,42.9
"555","Davidson, Matt",571602,37,5,2,35.1,8.1,0.147,0.324,0.216,0.54,0,0.24,0.29,87.3,23.8,14.3,0,19,28.6,28.6,9.5,33.3
"556","Hernandez, Yonny",660634,28,2,0,14.3,7.1,0.083,0.083,0.154,0.237,2,0.121,0.202,82.3,22.7,0,4.5,9.1,4.5,63.6,18.2,13.6
"557","Sosa, Lenyn",672820,36,4,1,33.3,2.8,0.114,0.229,0.139,0.368,0,0.161,0.243,86.6,30.4,8.7,0,13,26.1,47.8,4.3,26.1
"558","Brinson, Lewis",621446,39,6,3,35.9,5.1,0.167,0.472,0.211,0.683,1,0.289,0.264,87.8,30.4,13,8.7,8.7,26.1,30.4,13,34.8
"559","Hensley, David",682073,34,10,1,17.6,14.7,0.345,0.586,0.441,1.027,0,0.44,0.349,90.3,34.8,4.3,17.4,26.1,8.7,39.1,4.3,39.1
"560","Almonte, Abraham",501659,37,9,1,32.4,2.7,0.257,0.4,0.297,0.697,1,0.306,0.234,88.1,34.8,4.3,8.7,21.7,30.4,30.4,4.3,30.4
"561","Padlo, Kevin",656821,34,4,0,29.4,2.9,0.121,0.152,0.147,0.299,0,0.135,0.177,90.8,21.7,0,8.7,21.7,39.1,26.1,4.3,43.5
"562","Tovar, Ezequiel",678662,35,7,1,25.7,5.7,0.212,0.333,0.257,0.59,0,0.261,0.3,88.6,37.5,12.5,0,33.3,20.8,33.3,0,33.3
"563","Dickerson, Alex",543105,36,4,1,25,8.3,0.121,0.212,0.194,0.406,0,0.189,0.297,90.1,33.3,8.3,12.5,12.5,29.2,37.5,0,41.7
"564","Vientos, Mark",668901,41,6,1,29.3,12.2,0.167,0.278,0.268,0.546,0,0.252,0.28,93.3,16.7,8.3,0,25,33.3,33.3,0,45.8
"565","Reks, Zach",676646,34,9,0,29.4,0,0.265,0.294,0.265,0.559,0,0.245,0.23,86.3,33.3,0,12.5,29.2,33.3,16.7,8.3,41.7
"566","Gonzalez, Erik",570481,41,7,0,29.3,9.8,0.189,0.216,0.268,0.484,1,0.227,0.263,84.4,32,0,0,28,16,44,12,20
"567","Nunez, Dom",624513,41,4,0,24.4,14.6,0.121,0.152,0.244,0.396,0,0.196,0.245,85.3,28,4,8,16,48,20,4,32
"568","Upton, Justin",457708,57,6,1,40.4,10.5,0.125,0.208,0.263,0.471,0,0.231,0.249,88.5,36,4,0,32,40,16,4,32
"569","Sanchez, Yolmer",570560,44,4,0,29.5,11.4,0.108,0.108,0.214,0.322,0,0.166,0.204,84.4,38.5,0,3.8,11.5,34.6,34.6,11.5,15.4
"570","Frazier, Clint",640449,45,8,0,24.4,15.6,0.216,0.297,0.356,0.653,1,0.305,0.3,85.9,23.1,3.8,3.8,23.1,30.8,26.9,11.5,30.8
"571","Bae, Ji Hwan",678225,37,11,0,16.2,5.4,0.333,0.424,0.405,0.829,3,0.37,0.28,83.2,25.9,0,0,22.2,14.8,44.4,18.5,22.2
"572","Wallach, Chad",595453,40,5,1,22.5,10,0.143,0.257,0.231,0.488,0,0.224,0.332,87,40.7,7.4,7.4,25.9,22.2,29.6,3.7,37
"573","Arauz, Jonathan",660620,41,5,1,29.3,2.4,0.132,0.211,0.15,0.361,0,0.157,0.282,87.4,50,7.1,3.6,28.6,21.4,28.6,10.7,35.7
"574","Knapp, Andrew",595284,46,5,0,26.1,10.9,0.128,0.154,0.239,0.393,0,0.195,0.254,86.3,32.1,0,10.7,25,28.6,28.6,7.1,25
"575","Ruiz, Esteury",665923,36,6,0,19.4,2.8,0.171,0.257,0.194,0.451,1,0.197,0.216,73,32.1,3.6,0,17.9,28.6,25,25,10.7
"576","Mondesi, Adalberto",609275,54,7,0,37,7.4,0.14,0.14,0.204,0.344,5,0.166,0.211,88,16.7,3.3,3.3,23.3,23.3,26.7,20,26.7
"577","Baty, Brett",683146,42,7,2,19,4.8,0.184,0.342,0.244,0.586,0,0.26,0.332,91.1,43.3,6.7,3.3,33.3,23.3,30,3.3,36.7
"578","Gallagher, Cam",595956,47,9,0,27.7,6.4,0.214,0.333,0.267,0.6,0,0.265,0.22,85.8,32.3,0,6.5,25.8,32.3,19.4,16.1,25.8
"579","Arias, Gabriel",672356,57,9,1,28.1,14,0.191,0.319,0.321,0.64,1,0.294,0.29,88.8,18.8,6.3,3.1,18.8,6.3,56.3,9.4,34.4
"580","Duggar, Steven",621453,80,11,0,51.2,8.8,0.153,0.222,0.225,0.447,5,0.205,0.215,92.9,34.4,6.3,21.9,18.8,25,28.1,0,46.9
"581","Palacios, Joshua",641943,49,10,0,30.6,2,0.213,0.255,0.245,0.5,1,0.225,0.221,81.3,28.1,0,3.1,25,21.9,40.6,9.4,31.3
"582","Quiroz, Esteban",606019,47,11,0,19.1,8.5,0.275,0.275,0.37,0.645,1,0.303,0.29,81.6,43.8,3.1,3.1,31.3,18.8,28.1,15.6,28.1
"583","Wallner, Matt",670242,65,13,2,38.5,9.2,0.228,0.386,0.323,0.709,1,0.311,0.245,87.5,21.9,9.4,3.1,18.8,21.9,37.5,9.4,53.1
"584","Owings, Chris",572008,68,6,0,35.3,14.7,0.107,0.143,0.254,0.397,1,0.204,0.238,80.4,24.2,3,0,18.2,21.2,39.4,18.2,15.2
"585","Mitchell, Garrett",669003,68,19,2,41.2,8.8,0.311,0.459,0.373,0.832,8,0.365,0.266,92.9,41.2,11.8,5.9,20.6,23.5,35.3,2.9,41.2
"586","Hager, Jake",606993,59,12,0,28.8,13.6,0.24,0.28,0.345,0.625,0,0.291,0.247,80.8,32.4,5.9,0,14.7,26.5,35.3,17.6,17.6
"587","Wong, Connor",657136,56,9,1,28.6,8.9,0.188,0.313,0.273,0.586,0,0.263,0.277,89.8,20.6,11.8,2.9,8.8,20.6,47.1,8.8,32.4
"588","MacKinnon, David",676950,57,7,0,29.8,10.5,0.14,0.14,0.228,0.368,0,0.181,0.259,85,26.5,2.9,2.9,32.4,23.5,32.4,5.9,20.6
"589","Bernard, Wynton",592144,42,12,0,19,0,0.286,0.31,0.286,0.596,3,0.262,0.226,84.6,26.5,0,5.9,23.5,8.8,58.8,2.9,26.5
"590","Viloria, Meibrys",650619,75,10,2,38.7,14.7,0.159,0.27,0.28,0.55,0,0.256,0.243,88.4,31.4,8.6,11.4,11.4,22.9,45.7,0,37.1
"591","Barrera, Tres",668663,53,9,0,30.2,3.8,0.18,0.2,0.212,0.412,0,0.187,0.187,81.8,31.4,0,2.9,20,37.1,28.6,11.4,14.3
"592","Vargas, Miguel",678246,50,8,1,26,4,0.17,0.255,0.2,0.455,1,0.2,0.255,89.7,25.7,8.6,8.6,25.7,37.1,20,0,40
"593","Lewis, Royce",668904,41,12,2,12.2,2.4,0.3,0.55,0.317,0.867,0,0.37,0.319,90.7,31.4,5.7,14.3,17.1,34.3,25.7,2.9,40
"594","Hermosillo, Michael",641684,73,7,0,37,9.6,0.115,0.148,0.25,0.398,1,0.203,0.259,86.6,37.1,8.6,5.7,20,31.4,25.7,8.6,31.4
"595","Perez, Roberto",547379,69,14,2,36.2,13,0.233,0.367,0.333,0.7,0,0.315,0.308,89.3,42.9,11.4,11.4,22.9,17.1,34.3,2.9,51.4
"596","Beaty, Matt",607461,47,4,0,17,4.3,0.093,0.163,0.17,0.333,0,0.158,0.243,83.6,22.9,0,8.6,22.9,31.4,31.4,5.7,31.4
"597","Locastro, Tim",641796,46,8,2,15.2,4.3,0.186,0.349,0.239,0.588,8,0.259,0.316,86.5,33.3,5.6,2.8,25,27.8,30.6,5.6,25
"598","Bemboom, Anthony",621532,59,6,1,28.8,10.2,0.115,0.212,0.207,0.419,0,0.196,0.246,90.1,30.6,5.6,2.8,16.7,22.2,41.7,8.3,36.1
"599","Sano, Miguel",593934,71,5,1,35.2,12.7,0.083,0.133,0.211,0.344,1,0.176,0.302,93.9,30.6,13.9,8.3,19.4,44.4,13.9,0,52.8
"600","Rojas, Jose",670351,57,7,0,33.3,0,0.125,0.161,0.14,0.301,0,0.134,0.182,84.8,21.6,2.7,8.1,24.3,37.8,18.9,5.4,32.4
"601","Lewis, Kyle",641786,62,8,3,30.6,8.1,0.143,0.304,0.226,0.53,0,0.239,0.3,89.9,24.3,10.8,0,24.3,29.7,32.4,0,32.4
"602","Benson, Will",666181,61,10,0,31.1,4.9,0.182,0.2,0.25,0.45,0,0.212,0.224,84.2,18.9,0,5.4,27,24.3,32.4,10.8,27
"603","McKinney, Billy",641856,57,5,1,28.1,7,0.096,0.173,0.158,0.331,0,0.144,0.2,83.8,29.7,5.4,2.7,13.5,40.5,32.4,5.4,21.6
"604","Ahmed, Nick",605113,54,12,3,27.8,3.7,0.231,0.442,0.259,0.701,0,0.302,0.227,86.9,32.4,5.4,10.8,21.6,16.2,43.2,2.7,32.4
"605","Campusano, Luis",669134,50,12,1,22,2,0.25,0.333,0.26,0.593,0,0.257,0.258,87.7,26.3,5.3,5.3,18.4,31.6,36.8,2.6,36.8
"606","Tucker, Cole",657061,63,11,0,39.7,0,0.175,0.222,0.175,0.397,1,0.172,0.198,82.4,39.5,7.9,5.3,21.1,18.4,36.8,10.5,23.7
"607","Brennan, Will",686823,45,15,1,8.9,4.4,0.357,0.5,0.4,0.9,2,0.385,0.324,89.8,34.2,5.3,5.3,23.7,18.4,44.7,0,42.1
"608","Raley, Luke",670042,72,12,1,33.3,9.7,0.197,0.279,0.306,0.585,0,0.271,0.286,90.1,31.6,13.2,5.3,18.4,31.6,26.3,5.3,39.5
"609","Contreras, Mark",676628,61,7,3,34.4,1.6,0.121,0.293,0.148,0.441,1,0.189,0.304,94.9,28.9,31.6,0,13.2,18.4,36.8,0,57.9
"610","Castro, Jason",488771,88,9,1,45.5,9.1,0.115,0.179,0.205,0.384,1,0.183,0.239,88.6,35.9,5.1,10.3,25.6,23.1,33.3,2.6,35.9
"611","Burleson, Alec",676475,53,9,1,17,9.4,0.188,0.271,0.264,0.535,1,0.245,0.325,91.7,35.9,10.3,5.1,25.6,15.4,38.5,5.1,48.7
"612","Park, Hoy",660829,60,11,2,25,6.7,0.216,0.373,0.276,0.649,1,0.282,0.269,85.1,20,10,0,25,22.5,30,12.5,25
"613","Stevenson, Cal",670276,71,10,0,32.4,11.3,0.167,0.217,0.261,0.478,1,0.224,0.277,87.6,32.5,5,5,32.5,20,27.5,10,32.5
"614","Peraza, Oswald",672724,57,15,1,15.8,10.5,0.306,0.429,0.404,0.833,2,0.371,0.343,81.6,25,5,2.5,27.5,12.5,45,7.5,30
"615","Diaz, Jordan",672478,51,13,0,13.7,3.9,0.265,0.327,0.294,0.621,0,0.275,0.229,86.9,26.2,0,9.5,9.5,14.3,66.7,0,31
"616","Matijevic, J.J.",656695,71,14,2,35.2,2.8,0.209,0.328,0.254,0.582,1,0.258,0.259,88.8,33.3,2.4,7.1,31,16.7,40.5,2.4,42.9
"617","Quinn, Roman",596451,87,17,0,41.4,8,0.215,0.304,0.287,0.591,4,0.266,0.244,91.3,30.2,4.7,7,34.9,25.6,14,14,41.9
"618","Robinson, Chuckie",642020,60,8,2,28.3,0,0.136,0.271,0.136,0.407,0,0.173,0.26,86.2,23.3,9.3,2.3,20.9,9.3,46.5,11.6,30.2
"619","Soto, Livan",670869,59,22,1,22,3.4,0.4,0.582,0.414,0.996,1,0.424,0.281,83.8,40.9,0,0,43.2,29.5,15.9,9.1,15.9
"620","Capel, Conner",668843,59,16,3,16.9,8.5,0.308,0.519,0.356,0.875,1,0.371,0.336,87.6,34.1,6.8,0,29.5,27.3,34.1,2.3,31.8
"621","Heredia, Guillermo",628338,82,12,3,39,7.3,0.158,0.342,0.22,0.562,0,0.246,0.228,86,38.6,11.4,9.1,11.4,27.3,34.1,6.8,31.8
"622","Calhoun, Willie",641432,62,7,1,12.9,14.5,0.135,0.25,0.274,0.524,0,0.249,0.309,89.4,22.7,2.3,4.5,25,38.6,25,2.3,38.6
"623","Cameron, Daz",663662,70,14,1,28.6,7.1,0.219,0.344,0.286,0.63,2,0.28,0.303,90.4,43.2,9.1,9.1,22.7,29.5,29.5,0,43.2
"624","Lagares, Juan",501571,62,11,0,24.2,3.2,0.183,0.25,0.21,0.46,0,0.203,0.242,88.4,40,2.2,8.9,24.4,28.9,33.3,2.2,40
"625","Jankowski, Travis",608671,64,9,0,15.6,12.5,0.164,0.164,0.281,0.445,3,0.222,0.259,80.5,22.2,0,2.2,15.6,13.3,55.6,13.3,22.2
"626","Maton, Nick",665155,85,18,5,34.1,11.8,0.25,0.514,0.341,0.855,0,0.364,0.306,86.6,37.8,6.7,8.9,31.1,26.7,17.8,8.9,31.1
"627","Pinto, Rene",650907,83,17,2,42.2,2.4,0.212,0.325,0.241,0.566,0,0.249,0.219,89.1,20,4.4,6.7,24.4,26.7,33.3,4.4,42.2
"628","Leon, Sandy",506702,86,12,0,31.4,15.1,0.169,0.211,0.298,0.509,0,0.246,0.263,84.3,39.1,0,4.3,32.6,34.8,19.6,8.7,26.1
"629","Palacios, Jermaine",650339,77,10,2,35.1,5.2,0.143,0.229,0.184,0.413,0,0.184,0.237,87.5,34.8,6.5,2.2,21.7,26.1,37,6.5,39.1
"630","Encarnacion, Jerar",666464,81,14,3,39.5,3.7,0.182,0.338,0.21,0.548,2,0.236,0.231,90.5,30.4,6.5,10.9,17.4,19.6,43.5,2.2,41.3
"631","Thaiss, Matt",642136,81,15,2,29.6,13.6,0.217,0.319,0.321,0.64,1,0.286,0.289,88.5,21.7,6.5,0,26.1,21.7,45.7,0,37
"632","Munoz, Yairo",622168,60,12,3,16.7,5,0.211,0.404,0.25,0.654,1,0.283,0.263,85,14.9,4.3,2.1,14.9,17,55.3,6.4,36.2
"633","Groshans, Jordan",677954,65,16,1,20,6.2,0.262,0.311,0.308,0.619,0,0.278,0.263,87.1,37.5,2.1,2.1,29.2,25,37.5,4.2,37.5
"634","Stefanic, Michael",683021,69,12,0,17.4,7.2,0.197,0.23,0.279,0.509,0,0.239,0.266,84.8,28,2,4,24,20,44,6,22
"635","Gosselin, Phil",594838,77,11,0,31.2,2.6,0.149,0.176,0.182,0.358,0,0.163,0.207,86.4,30,2,4,22,34,32,6,36
"636","Garrett, Stone",656448,84,21,4,32.1,3.6,0.276,0.539,0.309,0.848,3,0.36,0.268,92.9,28,10,8,20,36,26,0,52
"637","Bouchard, Sean",656248,97,22,3,25.8,21.6,0.297,0.5,0.454,0.954,0,0.417,0.36,89.8,44,2,8,42,24,20,4,40
"638","Rios, Edwin",621458,92,21,7,39.1,5.4,0.244,0.5,0.293,0.793,0,0.338,0.312,88.5,46,14,8,28,18,28,4,40
"639","Strange-Gordon, Dee",543829,59,18,0,13.6,0,0.305,0.356,0.305,0.661,3,0.288,0.213,84.4,25.5,0,2,21.6,19.6,51,5.9,17.6
"640","Davis, Jonathan",641505,91,17,0,28.6,15.4,0.224,0.237,0.344,0.581,7,0.278,0.284,84.6,33.3,0,3.9,31.4,13.7,43.1,7.8,21.6
"641","Astudillo, Willians",553902,55,13,1,5.5,1.8,0.241,0.296,0.255,0.551,1,0.243,0.265,83,27.5,0,2,29.4,29.4,31.4,7.8,21.6
"642","Mathias, Mark",664029,91,20,6,33,9.9,0.247,0.506,0.319,0.825,3,0.353,0.298,90.2,34.6,11.5,5.8,30.8,19.2,32.7,0,46.2
"643","Casas, Triston",671213,95,15,5,24.2,20,0.197,0.408,0.358,0.766,1,0.344,0.325,86,28.3,7.5,5.7,13.2,22.6,45.3,5.7,41.5
"644","Mayfield, Jack",608686,74,13,1,23,4.1,0.186,0.271,0.23,0.501,1,0.224,0.221,84.5,24.5,1.9,3.8,22.6,35.8,35.8,0,24.5
