"","Name","player_id","year","p_game","IP","pa","hit","home_run","strikeouts","walks","k_percent","bb_percent","AVG","SLG","OBP","OPS","babip","earned_runs","wins","losses","ERA","xba","xslg","woba","xwoba","xobp","wobacon","xwobacon","ev_avg","la_avg","sweet_spot_percent","barrel_batted_rate"
"1","Wainwright, Adam",425794,2022,32,191.2,803,192,16,143,54,17.8,6.7,0.261,0.382,0.315,0.697,0.302,79,11,12,3.71,0.27,0.419,0.306,0.328,0.326,0.341,0.37,87.8,11,37.4,6.5
"2","Greinke, Zack",425844,2022,26,137,585,157,14,73,27,12.5,4.6,0.286,0.417,0.32,0.737,0.306,56,4,9,3.68,0.284,0.441,0.321,0.336,0.322,0.347,0.365,88.9,12.6,34.4,6.8
"3","Verlander, Justin",434378,2022,28,175,666,116,12,185,29,27.8,4.4,0.186,0.27,0.227,0.497,0.24,34,18,4,1.75,0.207,0.331,0.222,0.255,0.248,0.277,0.326,87.8,16.9,32.5,6.3
"4","Sanchez, Anibal",434671,2022,14,69.1,292,55,13,48,33,16.4,11.3,0.217,0.415,0.316,0.731,0.218,33,4,6,4.28,0.25,0.411,0.32,0.332,0.344,0.331,0.348,88.5,18.8,31.9,7.7
"5","Jansen, Kenley",445276,2022,65,64,260,45,8,85,22,32.7,8.5,0.192,0.346,0.265,0.611,0.259,24,5,2,3.38,0.169,0.292,0.265,0.239,0.247,0.356,0.311,87.1,21.9,29.8,7.3
"6","Chavez, Jesse",445926,2022,60,69.1,292,71,8,74,20,25.3,6.8,0.264,0.431,0.316,0.747,0.335,29,4,3,3.76,0.263,0.415,0.325,0.321,0.317,0.408,0.403,90.1,13.4,38.6,8.1
"7","Detwiler, Ross",446321,2022,30,26.1,122,31,5,28,10,23,8.2,0.287,0.491,0.361,0.852,0.342,13,0,2,4.44,0.28,0.451,0.364,0.355,0.36,0.444,0.431,89.9,13.4,40.7,8.6
"8","Kluber, Corey",446372,2022,31,164,689,178,20,139,21,20.2,3,0.274,0.425,0.304,0.729,0.318,79,10,10,4.34,0.261,0.415,0.316,0.31,0.293,0.378,0.369,87.1,18.5,35.8,6.9
"9","Hill, Rich",448179,2022,26,124.1,526,125,15,109,37,20.7,7,0.258,0.432,0.316,0.748,0.305,59,8,7,4.27,0.24,0.411,0.325,0.313,0.3,0.38,0.363,88.2,14.9,31.6,8.2
"10","Morton, Charlie",450203,2022,31,172,728,149,28,205,63,28.2,8.7,0.233,0.411,0.316,0.727,0.293,83,9,6,4.34,0.228,0.389,0.32,0.314,0.314,0.4,0.389,89.3,13.6,38,9.5
"11","Kennedy, Ian",453178,2022,57,50.1,232,57,11,44,22,19,9.5,0.278,0.502,0.346,0.848,0.301,30,4,7,5.36,0.288,0.514,0.36,0.374,0.36,0.417,0.437,92.2,21.5,44.5,12.2
"12","Bard, Daniel",453268,2022,57,60.1,245,35,3,69,25,28.2,10.2,0.162,0.245,0.257,0.502,0.221,12,6,4,1.79,0.178,0.264,0.232,0.247,0.272,0.256,0.28,87.7,7,22.3,4.7
"13","Scherzer, Max",453286,2022,23,145.1,565,108,13,173,24,30.6,4.2,0.207,0.319,0.254,0.573,0.279,37,11,5,2.29,0.202,0.339,0.254,0.265,0.253,0.335,0.352,87.8,21.3,32.2,8.4
"14","Melancon, Mark",453343,2022,62,56,247,63,5,35,21,14.2,8.5,0.281,0.393,0.346,0.739,0.315,29,3,10,4.66,0.282,0.424,0.325,0.336,0.346,0.346,0.361,89.7,10.9,36.3,6.8
"15","Martin, Chris",455119,2022,60,56,225,50,6,74,5,32.9,2.2,0.23,0.373,0.249,0.622,0.317,19,4,1,3.05,0.212,0.347,0.266,0.25,0.232,0.387,0.363,88.2,12.5,34.5,8.3
"16","Price, David",456034,2022,40,40.1,167,38,6,37,9,22.2,5.4,0.242,0.42,0.283,0.703,0.281,11,2,0,2.45,0.251,0.413,0.301,0.304,0.292,0.371,0.376,89.5,6.9,27.3,7.4
"17","Cueto, Johnny",456501,2022,25,158.1,651,161,15,102,33,15.7,5.1,0.267,0.409,0.308,0.717,0.296,59,8,10,3.35,0.263,0.408,0.31,0.311,0.305,0.345,0.346,87.7,13.3,33.7,7.3
"18","Bush, Matt",456713,2022,65,59.2,244,43,11,74,18,30.3,7.4,0.196,0.365,0.264,0.629,0.235,23,2,3,3.47,0.186,0.317,0.274,0.254,0.256,0.358,0.325,90.3,15.2,30.9,5.4
"19","Lynn, Lance",458681,2022,21,121.2,512,119,19,124,19,24.2,3.7,0.247,0.407,0.289,0.696,0.294,54,8,7,3.99,0.243,0.387,0.304,0.296,0.286,0.377,0.366,88.4,14.2,34.3,6.7
"20","McGee, Jake",459429,2022,42,37,163,41,6,25,12,15.3,7.4,0.275,0.483,0.327,0.81,0.294,28,1,3,6.81,0.257,0.492,0.346,0.347,0.314,0.386,0.386,90.2,22.6,33.3,11.9
"21","Chacin, Jhoulys",468504,2022,35,47.1,219,55,7,37,21,16.9,9.6,0.282,0.492,0.356,0.848,0.316,40,4,2,7.61,0.255,0.431,0.367,0.335,0.333,0.405,0.362,89.7,12,37.7,8.2
"22","Carrasco, Carlos",471911,2022,29,152,645,161,17,152,41,23.6,6.4,0.272,0.425,0.326,0.751,0.338,67,15,7,3.97,0.253,0.405,0.327,0.313,0.309,0.401,0.381,88.4,9.7,35.2,7
"23","Garcia, Luis",472610,2022,64,61,258,57,3,68,17,26.4,6.6,0.243,0.311,0.304,0.615,0.327,23,4,6,3.39,0.218,0.297,0.277,0.263,0.282,0.337,0.316,89,6.6,27.8,4.1
"24","Phelps, David",475479,2022,65,63.2,272,52,2,64,31,23.5,11.4,0.22,0.301,0.321,0.622,0.294,20,0,2,2.83,0.231,0.346,0.286,0.307,0.331,0.309,0.343,88.4,16.1,36.4,5.2
"25","Luetge, Lucas",476595,2022,50,57.1,251,63,4,60,17,23.9,6.8,0.276,0.386,0.335,0.721,0.355,17,4,4,2.67,0.245,0.349,0.317,0.294,0.309,0.384,0.351,85.2,17.6,40.6,5.3
"26","Kershaw, Clayton",477132,2022,22,126.1,493,96,10,137,23,27.8,4.7,0.206,0.31,0.246,0.556,0.269,32,12,3,2.28,0.212,0.307,0.245,0.248,0.251,0.314,0.318,87.1,11.6,30.5,4.2
"27","Miley, Wade",489119,2022,9,37,159,31,3,28,14,17.6,8.8,0.218,0.331,0.296,0.627,0.25,13,2,2,3.16,0.24,0.367,0.281,0.306,0.315,0.292,0.326,86.7,10.3,26.1,5.2
"28","Stammen, Craig",489334,2022,33,40.2,177,45,9,35,10,19.8,5.6,0.28,0.472,0.324,0.796,0.3,20,1,2,4.43,0.258,0.412,0.343,0.313,0.305,0.403,0.362,88.7,6.9,27.1,7
"29","Ottavino, Adam",493603,2022,66,65.2,258,48,6,79,16,30.6,6.2,0.204,0.323,0.267,0.59,0.276,15,6,3,2.06,0.19,0.279,0.26,0.24,0.257,0.337,0.306,84.8,7.7,29.7,3.2
"30","Quintana, Jose",500779,2022,32,165.2,679,154,8,137,47,20.2,6.9,0.246,0.343,0.301,0.644,0.303,54,6,7,2.93,0.257,0.377,0.286,0.305,0.312,0.326,0.352,86.5,9.9,34.4,5.5
"31","Pineda, Michael",501381,2022,11,46.2,200,58,13,26,8,13,4,0.304,0.576,0.33,0.906,0.294,30,2,7,5.79,0.299,0.538,0.385,0.368,0.325,0.431,0.411,91.8,16,34.9,10.2
"32","Smith, Joe",501925,2022,34,27.1,122,33,7,17,9,13.9,7.4,0.297,0.541,0.352,0.893,0.295,14,1,1,4.61,0.273,0.485,0.38,0.35,0.33,0.418,0.381,89.3,4,29.5,10.5
"33","Minor, Mike",501985,2022,19,98,455,120,24,76,40,16.7,8.8,0.296,0.536,0.367,0.903,0.312,66,4,12,6.06,0.256,0.426,0.385,0.329,0.331,0.434,0.358,88.2,19.1,36.4,8.4
"34","Archer, Chris",502042,2022,25,102.2,437,87,12,84,48,19.2,11,0.228,0.391,0.317,0.708,0.26,52,2,8,4.56,0.26,0.41,0.312,0.337,0.347,0.335,0.372,89.5,11,34.2,8.6
"35","Gibson, Kyle",502043,2022,31,167.2,718,176,24,144,48,20.1,6.7,0.268,0.434,0.325,0.759,0.309,94,10,8,5.05,0.262,0.421,0.331,0.326,0.32,0.384,0.376,88.6,10.6,34.8,7.5
"36","Robertson, David",502085,2022,58,63.2,264,39,6,81,35,30.7,13.3,0.173,0.298,0.292,0.59,0.237,17,4,3,2.4,0.176,0.302,0.27,0.273,0.295,0.313,0.319,88.6,12.8,31.7,7.6
"37","Cobb, Alex",502171,2022,28,149.2,631,152,9,151,43,23.9,6.8,0.262,0.35,0.315,0.665,0.338,62,7,8,3.73,0.234,0.329,0.296,0.277,0.291,0.357,0.33,89.2,1.8,26.3,3.7
"38","Espino, Paolo",502179,2022,42,113.1,487,131,24,92,24,18.9,4.9,0.287,0.493,0.322,0.815,0.31,61,0,9,4.84,0.271,0.469,0.35,0.336,0.309,0.413,0.395,89.3,14.4,36.3,7.9
"39","Boxberger, Brad",502202,2022,70,64,268,52,6,68,27,25.4,10.1,0.223,0.343,0.306,0.649,0.284,21,4,3,2.95,0.211,0.35,0.288,0.289,0.298,0.338,0.34,86.4,19.1,32.2,6.4
"40","Anderson, Chase",502624,2022,9,24,103,17,3,23,15,22.3,14.6,0.205,0.361,0.34,0.701,0.237,17,2,4,6.38,0.193,0.291,0.316,0.301,0.341,0.324,0.299,84.2,9.3,29,6.5
"41","Peralta, Wily",503449,2022,28,38.1,168,34,2,32,24,19,14.3,0.241,0.326,0.351,0.677,0.294,11,2,0,2.58,0.233,0.339,0.309,0.315,0.349,0.313,0.321,88.8,11.1,36,4.5
"42","Darvish, Yu",506433,2022,30,194.2,771,148,22,197,37,25.6,4.8,0.207,0.331,0.256,0.587,0.251,67,16,8,3.1,0.227,0.388,0.259,0.291,0.275,0.316,0.363,88.5,17,31.2,8.8
"43","Colome, Alex",517008,2022,53,47,215,57,5,32,22,14.9,10.2,0.3,0.484,0.369,0.853,0.335,30,2,7,5.74,0.29,0.483,0.366,0.364,0.362,0.399,0.397,90.2,1.4,38.1,10
"44","Brasier, Ryan",518489,2022,68,62.1,263,68,9,64,13,24.3,4.9,0.28,0.481,0.312,0.793,0.335,40,0,3,5.78,0.249,0.434,0.336,0.309,0.286,0.428,0.389,90.7,11.5,38.9,8.6
"45","Bumgarner, Madison",518516,2022,30,158.2,698,179,25,112,49,16,7,0.281,0.487,0.34,0.827,0.307,86,7,15,4.88,0.276,0.488,0.357,0.358,0.337,0.396,0.397,90.3,16.8,37.7,9.8
"46","Cishek, Steve",518553,2022,69,66.1,287,54,11,74,27,25.8,9.4,0.223,0.38,0.329,0.709,0.267,31,1,4,4.21,0.233,0.393,0.316,0.329,0.34,0.364,0.386,87.3,15,42.2,8.7
"47","Diekman, Jake",518617,2022,70,57.2,269,52,9,79,42,29.4,15.6,0.241,0.417,0.379,0.796,0.328,32,5,4,4.99,0.209,0.348,0.353,0.319,0.354,0.434,0.37,89.8,15.9,38.6,7.1
"48","Kelly, Merrill",518876,2022,33,200.1,804,167,21,177,61,22,7.6,0.226,0.371,0.286,0.657,0.269,75,13,8,3.37,0.23,0.383,0.289,0.296,0.291,0.336,0.347,88.5,14,31.2,8.3
"49","Kimbrel, Craig",518886,2022,63,60,260,51,4,72,28,27.7,10.8,0.227,0.351,0.324,0.675,0.313,25,6,7,3.75,0.205,0.349,0.301,0.291,0.305,0.363,0.347,90.7,16,29.7,9
"50","McFarland, T.J.",519008,2022,28,32.2,145,42,5,16,11,11,7.6,0.323,0.492,0.382,0.874,0.336,24,0,0,6.61,0.312,0.485,0.38,0.374,0.373,0.397,0.39,92.5,4.1,34.5,7.8
"51","Moore, Matt",519043,2022,63,74,304,49,3,83,38,27.3,12.5,0.187,0.275,0.289,0.564,0.257,16,5,2,1.95,0.187,0.288,0.257,0.263,0.29,0.286,0.297,87.7,15.2,24.7,4.4
"52","Pressly, Ryan",519151,2022,50,48.1,181,30,4,65,12,35.9,6.6,0.181,0.277,0.235,0.512,0.265,16,3,3,2.98,0.202,0.315,0.229,0.253,0.254,0.321,0.363,89,9.1,30.8,5.8
"53","Smith, Will",519293,2022,65,59,261,58,9,65,25,24.9,9.6,0.251,0.437,0.326,0.763,0.306,26,0,3,3.97,0.224,0.356,0.328,0.294,0.306,0.402,0.35,88.9,17.5,36.7,5.9
"54","Strickland, Hunter",519326,2022,66,62.1,284,61,8,60,33,21.1,11.6,0.253,0.436,0.356,0.792,0.301,34,3,3,4.91,0.254,0.447,0.346,0.354,0.358,0.386,0.398,89.8,17.6,38,9.8
"55","Hendriks, Liam",521230,2022,58,57.2,235,44,7,85,16,36.2,6.8,0.21,0.352,0.267,0.619,0.303,18,4,4,2.81,0.182,0.315,0.27,0.252,0.249,0.392,0.362,90.5,17.8,33.3,9.1
"56","Kelly, Joe",523260,2022,43,37,170,36,2,53,23,31.2,13.5,0.252,0.357,0.365,0.722,0.382,25,1,3,6.08,0.19,0.272,0.327,0.277,0.314,0.413,0.32,85.9,-0.7,20.9,3.3
"57","Perez, Martin",527048,2022,32,196.1,821,178,11,169,69,20.6,8.4,0.241,0.336,0.31,0.646,0.298,63,12,8,2.89,0.241,0.347,0.289,0.295,0.311,0.322,0.331,88.2,8.1,30.9,4.3
"58","Castellanos, Humberto",528748,2022,11,44.1,194,50,7,32,12,16.5,6.2,0.289,0.48,0.342,0.822,0.312,28,3,2,5.68,0.281,0.47,0.353,0.354,0.339,0.393,0.394,89.6,16.5,39.3,6.9
"59","Ramirez, Erasmo",541640,2022,60,86.1,347,79,11,61,14,17.6,4,0.245,0.39,0.286,0.676,0.268,28,4,2,2.92,0.247,0.366,0.294,0.291,0.291,0.332,0.329,88.7,11.9,31.6,4.9
"60","Cisnero, Jose",542585,2022,28,25,105,15,0,23,19,21.9,18.1,0.176,0.212,0.333,0.545,0.242,3,1,0,1.08,0.216,0.28,0.269,0.306,0.365,0.232,0.296,85.7,12.2,45.2,0
"61","Anderson, Tyler",542881,2022,30,178.2,707,145,14,138,34,19.5,4.8,0.221,0.35,0.267,0.617,0.257,51,15,5,2.57,0.225,0.349,0.271,0.275,0.272,0.307,0.313,85,16.9,34.2,4.9
"62","Armstrong, Shawn",542888,2022,50,61.2,270,66,7,66,18,24.4,6.7,0.273,0.43,0.327,0.757,0.339,30,2,3,4.38,0.227,0.356,0.326,0.282,0.288,0.404,0.34,87.4,10.6,31.3,7.7
"63","Bass, Anthony",542914,2022,73,70.1,275,51,6,73,20,26.5,7.3,0.201,0.311,0.258,0.569,0.256,12,4,3,1.54,0.219,0.336,0.252,0.272,0.276,0.307,0.337,87.6,14.3,29.7,6
"64","Bleier, Richard",542947,2022,55,50.2,222,63,3,32,10,14.4,4.5,0.301,0.459,0.335,0.794,0.343,20,2,2,3.55,0.272,0.394,0.339,0.302,0.308,0.384,0.339,89.6,4.3,32.4,4.5
"65","Cole, Gerrit",543037,2022,33,200.2,793,154,33,257,50,32.4,6.3,0.209,0.39,0.26,0.65,0.269,78,13,8,3.5,0.214,0.383,0.283,0.284,0.266,0.39,0.394,89.4,12.6,32.5,9.5
"66","Eovaldi, Nathan",543135,2022,20,109.1,460,115,21,103,20,22.4,4.3,0.264,0.457,0.297,0.754,0.3,47,6,3,3.87,0.258,0.449,0.325,0.321,0.292,0.403,0.397,89.7,10.7,34.2,10.7
"67","Gray, Sonny",543243,2022,24,119.2,488,99,11,117,36,24,7.4,0.224,0.349,0.29,0.639,0.278,41,8,5,3.08,0.24,0.366,0.283,0.298,0.305,0.332,0.354,88.1,12.1,33.1,5.5
"68","Hand, Brad",543272,2022,55,45,198,37,2,38,23,19.2,11.6,0.223,0.319,0.335,0.654,0.273,14,3,2,2.8,0.232,0.367,0.297,0.324,0.349,0.299,0.339,87.2,14.3,32.8,5.3
"69","Hendricks, Kyle",543294,2022,16,84.1,356,85,15,66,24,18.5,6.7,0.26,0.471,0.316,0.787,0.285,45,4,6,4.8,0.27,0.466,0.341,0.345,0.326,0.39,0.397,87.5,16.5,40.5,9.9
"70","Lyles, Jordan",543475,2022,32,179,774,196,26,144,52,18.6,6.7,0.276,0.454,0.331,0.785,0.313,88,12,11,4.42,0.267,0.452,0.341,0.341,0.325,0.39,0.39,88.6,15.3,35.1,10.4
"71","May, Trevor",543507,2022,26,25,111,27,4,30,9,27,8.1,0.265,0.431,0.324,0.755,0.338,14,2,0,5.04,0.226,0.386,0.331,0.297,0.288,0.424,0.372,89.4,19.5,41.7,9.7
"72","McHugh, Collin",543521,2022,58,69.1,272,51,5,75,14,27.6,5.1,0.203,0.299,0.257,0.556,0.266,20,3,2,2.6,0.223,0.341,0.247,0.273,0.276,0.306,0.344,86.6,15.3,33.1,5.1
"73","Odorizzi, Jake",543606,2022,22,106.1,453,106,14,86,35,19,7.7,0.258,0.401,0.319,0.72,0.293,52,6,6,4.4,0.255,0.398,0.315,0.314,0.316,0.356,0.354,87.8,19.8,36.8,7.3
"74","Shaw, Bryan",543766,2022,60,58.1,261,58,9,52,26,19.9,10,0.252,0.417,0.337,0.754,0.288,35,6,2,5.4,0.258,0.419,0.332,0.335,0.342,0.369,0.374,90.8,8.3,34.1,6.7
"75","Banuelos, Manny",544365,2022,35,41,175,32,2,42,21,24,12,0.215,0.315,0.322,0.637,0.283,20,2,1,4.39,0.23,0.325,0.289,0.299,0.335,0.315,0.331,85.6,7.2,29.4,3.7
"76","Familia, Jeurys",544727,2022,48,44.1,204,58,7,41,22,20.1,10.8,0.322,0.506,0.402,0.908,0.386,30,2,3,6.09,0.267,0.418,0.393,0.339,0.353,0.461,0.383,90.8,7.5,32.4,10.1
"77","Head, Louis",545343,2022,28,28.2,138,32,4,26,15,18.8,10.9,0.274,0.487,0.38,0.867,0.322,20,0,0,6.28,0.244,0.39,0.376,0.332,0.354,0.417,0.35,91,18.2,37.4,5.5
"78","Poteet, Cody",547001,2022,12,28,114,23,4,21,11,18.4,9.6,0.223,0.417,0.298,0.715,0.244,12,0,1,3.86,0.266,0.426,0.313,0.334,0.337,0.343,0.373,91.3,6.9,32.9,6.1
"79","Lorenzen, Michael",547179,2022,18,97.2,411,81,11,85,44,20.7,10.7,0.224,0.365,0.314,0.679,0.262,46,8,6,4.24,0.233,0.362,0.303,0.307,0.322,0.329,0.334,88.1,9.7,29.9,6.8
"80","Ryu, Hyun Jin",547943,2022,6,27,113,32,5,16,4,14.2,3.5,0.294,0.541,0.319,0.86,0.307,17,2,0,5.67,0.289,0.502,0.367,0.349,0.314,0.417,0.395,91.1,11.2,37.6,9.7
"81","Chapman, Aroldis",547973,2022,43,36.1,160,24,4,43,28,26.9,17.5,0.188,0.32,0.333,0.653,0.241,18,4,4,4.46,0.213,0.36,0.301,0.326,0.355,0.32,0.365,87.5,16.6,35.6,6.9
"82","Raley, Brooks",548384,2022,60,53.2,219,37,3,61,15,27.9,6.8,0.189,0.276,0.266,0.542,0.256,16,1,2,2.68,0.206,0.288,0.247,0.261,0.283,0.289,0.311,86.7,12.3,34.3,2.2
"83","Stripling, Ross",548389,2022,32,134.1,536,117,12,111,20,20.7,3.7,0.229,0.354,0.259,0.613,0.269,45,10,4,3.01,0.251,0.395,0.268,0.293,0.281,0.318,0.353,88.9,12.2,34.7,9.2
"84","Garcia, Yimi",554340,2022,61,61,247,48,6,58,16,23.5,6.5,0.215,0.345,0.275,0.62,0.258,21,4,5,3.1,0.208,0.338,0.269,0.266,0.269,0.318,0.314,86.5,18.9,26.6,6.5
"85","Wheeler, Zack",554430,2022,26,153,607,125,13,163,34,26.9,5.6,0.221,0.352,0.273,0.625,0.287,48,12,7,2.82,0.226,0.343,0.275,0.275,0.278,0.345,0.345,85.9,11.4,34,7.7
"86","Matzek, Tyler",554431,2022,42,43.2,184,26,3,36,29,19.6,15.8,0.173,0.28,0.31,0.59,0.202,17,4,2,3.5,0.215,0.363,0.27,0.318,0.346,0.249,0.324,88.9,20.5,31.6,7.7
"87","Rodriguez, Joely",570257,2022,55,50.1,216,42,3,57,26,26.4,12,0.226,0.312,0.322,0.634,0.307,25,2,4,4.47,0.228,0.327,0.288,0.296,0.325,0.333,0.348,85.3,5,37.1,3.8
"88","Urena, Jose",570632,2022,21,97,432,109,11,63,43,14.6,10,0.285,0.421,0.354,0.775,0.312,54,3,8,5.01,0.271,0.428,0.34,0.341,0.345,0.359,0.359,88.2,7.3,33.2,6.8
"89","Robles, Hansel",570663,2022,26,24.2,111,25,5,21,14,18.9,12.6,0.26,0.479,0.351,0.83,0.282,16,1,3,5.84,0.275,0.519,0.357,0.383,0.369,0.399,0.436,92.7,13.1,36.8,11.8
"90","Cessa, Luis",570666,2022,46,80.2,335,76,14,59,27,17.6,8.1,0.25,0.438,0.313,0.751,0.266,41,4,4,4.57,0.253,0.429,0.327,0.325,0.317,0.362,0.36,89.7,8.4,27.9,9.3
"91","Bellatti, Andrew",571479,2022,59,54.1,231,47,5,78,26,33.8,11.3,0.234,0.383,0.32,0.703,0.347,20,4,4,3.31,0.207,0.359,0.309,0.297,0.301,0.422,0.401,88.3,20.2,42.9,12.7
"92","Corbin, Patrick",571578,2022,31,152.2,713,210,27,128,49,18,6.9,0.321,0.513,0.374,0.887,0.365,107,6,19,6.31,0.304,0.52,0.383,0.381,0.359,0.444,0.441,90.8,11.5,40.1,11
"93","Farmer, Buck",571656,2022,44,47,199,36,2,54,25,27.1,12.6,0.211,0.298,0.313,0.611,0.293,20,2,2,3.83,0.212,0.324,0.28,0.292,0.317,0.319,0.339,88.2,14.4,29.4,5
"94","Floro, Dylan",571670,2022,56,53.2,220,48,4,48,15,21.8,6.8,0.235,0.338,0.286,0.624,0.288,18,1,3,3.02,0.232,0.344,0.271,0.272,0.284,0.322,0.324,87.4,8.6,35,5.1
"95","Givens, Mychal",571710,2022,59,61.1,260,56,8,71,25,27.3,9.6,0.247,0.396,0.331,0.727,0.318,23,7,3,3.38,0.226,0.372,0.316,0.299,0.314,0.395,0.37,87.6,11.9,35.2,8.2
"96","Heaney, Andrew",571760,2022,16,72.2,310,60,14,110,19,35.5,6.1,0.214,0.429,0.285,0.714,0.293,25,4,4,3.1,0.203,0.373,0.311,0.287,0.276,0.447,0.406,91.2,17.8,34.3,11
"97","Hutchison, Drew",571800,2022,28,105.1,464,114,15,68,42,14.7,9.1,0.273,0.432,0.341,0.773,0.295,53,3,9,4.53,0.276,0.46,0.338,0.354,0.347,0.36,0.381,90.3,14.3,35.5,8.8
"98","Loup, Aaron",571901,2022,65,58.2,260,54,4,52,22,20,8.5,0.235,0.348,0.323,0.671,0.287,25,0,5,3.84,0.257,0.384,0.298,0.322,0.342,0.325,0.359,88,6.5,35.4,5.6
"99","Matz, Steven",571927,2022,15,48,207,50,8,54,10,26.1,4.8,0.256,0.431,0.3,0.731,0.316,28,5,3,5.25,0.253,0.377,0.318,0.298,0.297,0.408,0.378,88.4,13.9,39.7,9.2
"100","Mikolas, Miles",571945,2022,33,202.1,805,170,25,153,39,19,4.8,0.226,0.373,0.267,0.64,0.25,74,12,13,3.29,0.252,0.4,0.279,0.306,0.294,0.319,0.355,87.8,11,35.1,6.9
"101","Milner, Hoby",571948,2022,67,64.2,272,61,5,64,15,23.5,5.5,0.25,0.377,0.309,0.686,0.315,27,3,3,3.76,0.235,0.343,0.302,0.287,0.296,0.36,0.338,85.1,6.1,34.9,3.2
"102","Richards, Garrett",572070,2022,32,42.2,185,44,3,36,13,19.5,7,0.262,0.399,0.324,0.723,0.315,25,1,1,5.27,0.258,0.416,0.318,0.324,0.321,0.359,0.367,89.3,8.7,31.6,7.5
"103","Tepera, Ryan",572193,2022,59,57.1,232,42,7,47,20,20.3,8.6,0.202,0.341,0.277,0.618,0.226,23,5,4,3.61,0.217,0.349,0.27,0.281,0.292,0.299,0.315,87.4,16.1,30.1,5.5
"104","VerHagen, Drew",572403,2022,19,21.2,106,27,5,18,14,17,13.2,0.3,0.511,0.396,0.907,0.324,16,3,1,6.65,0.285,0.488,0.39,0.378,0.385,0.429,0.412,88.3,18.1,39.7,9.6
"105","Keuchel, Dallas",572971,2022,14,60.2,303,94,11,45,31,14.9,10.2,0.349,0.572,0.413,0.985,0.384,62,2,9,9.2,0.289,0.461,0.419,0.357,0.36,0.468,0.385,88.8,5.5,39.6,8.8
"106","Mantiply, Joe",573009,2022,69,60,243,59,6,61,6,25.1,2.5,0.255,0.359,0.281,0.64,0.319,19,2,5,2.85,0.243,0.368,0.28,0.28,0.27,0.358,0.357,86.5,5.4,28.9,4
"107","Rogers, Taylor",573124,2022,66,64.1,274,57,7,84,19,30.7,6.9,0.238,0.406,0.319,0.725,0.329,34,4,8,4.76,0.234,0.392,0.315,0.313,0.319,0.414,0.411,88.6,12.7,35.6,8.8
"108","Stroman, Marcus",573186,2022,25,138.2,569,123,16,119,36,20.9,6.3,0.234,0.377,0.287,0.664,0.272,54,6,7,3.5,0.253,0.389,0.291,0.308,0.306,0.337,0.36,89,7,32,6.6
"109","Thielbar, Caleb",573204,2022,67,59.1,245,51,5,80,18,32.7,7.3,0.226,0.332,0.282,0.614,0.324,23,4,3,3.49,0.193,0.308,0.271,0.249,0.251,0.37,0.333,84.9,21.5,37.4,6.8
"110","Kikuchi, Yusei",579328,2022,32,100.2,454,93,23,124,58,27.3,12.8,0.243,0.493,0.353,0.846,0.293,58,6,7,5.19,0.247,0.463,0.367,0.361,0.359,0.457,0.448,91.6,10,38,14.8
"111","Adam, Jason",592094,2022,67,63.1,237,31,5,75,17,31.6,7.2,0.147,0.242,0.229,0.471,0.195,11,2,3,1.56,0.162,0.258,0.213,0.226,0.243,0.255,0.277,85.2,14.4,29,5.1
"112","Gausman, Kevin",592332,2022,31,174.2,725,188,15,205,28,28.3,3.9,0.272,0.4,0.3,0.7,0.364,65,12,10,3.35,0.242,0.38,0.304,0.285,0.272,0.408,0.38,89,12.2,38.1,8.1
"113","Gray, Jon",592351,2022,24,127.1,521,105,17,134,39,25.7,7.5,0.222,0.375,0.288,0.663,0.271,56,7,7,3.96,0.23,0.367,0.292,0.295,0.296,0.353,0.359,88,11.1,34.8,6.1
"114","Hembree, Heath",592390,2022,26,22,107,26,6,17,17,15.9,15.9,0.299,0.598,0.402,1,0.299,18,3,1,7.36,0.297,0.555,0.414,0.407,0.406,0.454,0.444,90.7,24.2,42.5,15.1
"115","Ray, Robbie",592662,2022,32,189,775,163,32,212,62,27.4,8,0.231,0.423,0.299,0.722,0.284,78,12,12,3.71,0.223,0.373,0.315,0.295,0.292,0.398,0.367,89.7,14.7,34,7.9
"116","Sampson, Adrian",592716,2022,21,104.1,428,101,10,73,27,17.1,6.3,0.253,0.383,0.304,0.687,0.288,36,4,5,3.11,0.266,0.422,0.302,0.324,0.316,0.336,0.365,87.9,13.6,36.2,6.7
"117","Sanchez, Aaron",592717,2022,15,60,265,78,8,41,15,15.5,5.7,0.324,0.49,0.371,0.861,0.359,44,3,4,6.6,0.277,0.417,0.372,0.328,0.332,0.416,0.36,92.4,8,28.4,5.9
"118","Shreve, Chasen",592741,2022,25,26.1,114,27,6,29,10,25.4,8.8,0.262,0.456,0.325,0.781,0.304,19,1,1,6.49,0.263,0.451,0.336,0.34,0.329,0.423,0.431,89.5,14.9,37.3,12
"119","Smith, Caleb",592761,2022,44,70,302,57,14,65,39,21.5,12.9,0.218,0.429,0.322,0.751,0.236,32,1,3,4.11,0.211,0.366,0.329,0.305,0.316,0.367,0.33,86,24.1,29.9,6.6
"120","Smyly, Drew",592767,2022,22,106.1,447,101,16,91,26,20.4,5.8,0.243,0.422,0.295,0.717,0.275,41,7,8,3.47,0.248,0.415,0.312,0.316,0.302,0.363,0.37,86.7,16.3,34.5,8.6
"121","Stanek, Ryne",592773,2022,59,54.2,224,36,2,62,31,27.7,13.8,0.188,0.257,0.299,0.556,0.264,7,2,1,1.15,0.195,0.308,0.258,0.279,0.305,0.281,0.316,88.9,15,28.2,3.8
"122","Syndergaard, Noah",592789,2022,25,134.2,565,138,14,95,31,16.8,5.5,0.263,0.408,0.307,0.715,0.296,59,10,10,3.94,0.264,0.42,0.312,0.324,0.312,0.349,0.366,87.1,12.3,37.7,7.8
"123","Taillon, Jameson",592791,2022,32,177.1,728,168,26,151,32,20.7,4.4,0.246,0.43,0.283,0.713,0.278,77,14,5,3.91,0.26,0.432,0.308,0.317,0.297,0.368,0.381,88.5,14.5,34.5,8.3
"124","Velasquez, Vince",592826,2022,27,75.1,319,68,11,69,25,21.6,7.8,0.235,0.422,0.299,0.721,0.27,40,3,3,4.78,0.243,0.457,0.314,0.332,0.308,0.365,0.392,91.9,19.6,35,13
"125","Walker, Taijuan",592836,2022,29,157.1,649,143,15,132,45,20.3,6.9,0.24,0.364,0.299,0.663,0.284,61,12,5,3.49,0.245,0.395,0.293,0.308,0.305,0.333,0.354,89.3,11.3,33.7,7.3
"126","Wick, Rowan",592858,2022,64,64,294,79,9,69,29,23.5,9.9,0.305,0.475,0.372,0.847,0.378,30,4,7,4.22,0.279,0.461,0.365,0.353,0.351,0.448,0.43,88.5,11.6,36.9,10.3
"127","Williams, Trevor",592866,2022,30,89.2,372,87,12,84,23,22.6,6.2,0.253,0.413,0.307,0.72,0.302,32,3,5,3.21,0.232,0.393,0.314,0.298,0.288,0.378,0.355,87.8,18.3,33.3,7.7
"128","German, Domingo",593334,2022,15,72.1,298,65,11,58,19,19.5,6.4,0.236,0.418,0.295,0.713,0.262,29,2,5,3.61,0.237,0.389,0.312,0.302,0.296,0.355,0.342,89.4,16.7,32.3,6.9
"129","Montas, Frankie",593423,2022,27,144.1,608,137,18,142,43,23.4,7.1,0.249,0.402,0.308,0.71,0.301,65,5,12,4.05,0.242,0.396,0.309,0.31,0.305,0.372,0.375,87.6,11.2,31.8,8
"130","Neris, Hector",593576,2022,70,65.1,263,49,3,79,17,30,6.5,0.205,0.305,0.275,0.58,0.293,27,6,4,3.72,0.216,0.348,0.262,0.283,0.285,0.328,0.364,89.7,16.6,36,6.8
"131","Rodriguez, Eduardo",593958,2022,17,91,391,87,12,72,34,18.4,8.7,0.247,0.403,0.316,0.719,0.279,41,5,5,4.05,0.249,0.4,0.317,0.317,0.318,0.35,0.351,87.5,12.6,30.7,7.1
"132","Peralta, Wandy",593974,2022,56,56.1,223,42,2,47,17,21.1,7.6,0.208,0.262,0.271,0.533,0.26,17,3,4,2.72,0.21,0.29,0.241,0.255,0.275,0.265,0.285,85.5,7.6,23.4,4.4
"133","Gustave, Jandel",594311,2022,27,28,120,25,4,27,11,22.5,9.2,0.236,0.358,0.317,0.675,0.276,12,2,0,3.86,0.228,0.38,0.302,0.31,0.314,0.34,0.353,90.8,10.7,28.7,6.3
"134","Mayers, Mike",594577,2022,24,50.2,223,52,15,45,18,20.2,8.1,0.259,0.517,0.323,0.84,0.259,32,1,1,5.68,0.263,0.486,0.36,0.352,0.329,0.42,0.41,91.2,16.9,34.2,12.7
"135","Moll, Sam",594580,2022,53,43.1,187,33,5,46,22,24.6,11.8,0.205,0.335,0.31,0.645,0.252,14,2,1,2.91,0.204,0.306,0.279,0.268,0.309,0.322,0.305,87.6,9.5,26.7,5.2
"136","deGrom, Jacob",594798,2022,11,64.1,239,40,9,102,8,42.7,3.3,0.175,0.323,0.202,0.525,0.261,22,5,4,3.08,0.182,0.333,0.228,0.234,0.209,0.38,0.393,89.3,15.2,33.3,9.3
"137","Gonzales, Marco",594835,2022,32,183,783,194,30,103,50,13.2,6.4,0.271,0.457,0.322,0.779,0.278,84,10,15,4.13,0.266,0.435,0.337,0.33,0.32,0.361,0.352,86.7,14.5,32.3,7.2
"138","Okert, Steven",595345,2022,60,51.1,221,34,7,63,26,28.5,11.8,0.186,0.339,0.309,0.648,0.237,17,5,5,2.98,0.191,0.294,0.291,0.28,0.314,0.339,0.319,86.8,19.9,31.2,5.6
"139","Beede, Tyler",595881,2022,31,61.1,285,71,7,39,29,13.7,10.2,0.284,0.44,0.368,0.808,0.312,35,2,5,5.14,0.269,0.41,0.353,0.338,0.356,0.367,0.347,88.7,9.1,30.7,5.2
"140","Junis, Jakob",596001,2022,23,112,478,120,13,98,25,20.5,5.2,0.269,0.444,0.313,0.757,0.318,55,5,7,4.42,0.262,0.414,0.328,0.316,0.307,0.39,0.373,88.9,12.1,35.3,7.4
"141","Norris, Daniel",596057,2022,41,58.2,249,45,11,66,28,26.5,11.2,0.21,0.43,0.321,0.751,0.248,34,2,4,5.22,0.228,0.394,0.331,0.327,0.336,0.393,0.386,89.1,12,32.4,10.8
"142","Peters, Dillon",596071,2022,22,39.1,165,35,5,26,17,15.8,10.3,0.241,0.393,0.317,0.71,0.259,20,5,2,4.58,0.253,0.416,0.312,0.327,0.33,0.327,0.347,88.8,13.8,34.4,6.6
"143","Stephenson, Robert",596112,2022,58,58,247,63,10,55,14,22.3,5.7,0.275,0.502,0.317,0.819,0.319,35,2,2,5.43,0.267,0.474,0.349,0.336,0.31,0.431,0.413,90.6,21,36.7,9
"144","Weaver, Luke",596133,2022,26,35.2,174,52,1,38,13,21.8,7.5,0.335,0.452,0.391,0.843,0.429,26,1,1,6.56,0.292,0.45,0.367,0.356,0.358,0.44,0.423,91.5,11.2,40,10.8
"145","Gomber, Austin",596295,2022,33,124.2,529,137,20,95,34,18,6.4,0.281,0.48,0.328,0.808,0.31,77,5,7,5.56,0.267,0.44,0.347,0.33,0.316,0.4,0.377,88.1,12.4,35.7,8.5
"146","Barnes, Matt",598264,2022,44,39.2,176,36,2,34,21,19.3,11.9,0.24,0.333,0.343,0.676,0.296,19,0,4,4.31,0.229,0.382,0.305,0.32,0.335,0.318,0.339,91.1,11.1,28.8,8.5
"147","Ramirez, Noe",598287,2022,55,50,215,45,9,51,26,23.7,12.1,0.245,0.451,0.346,0.797,0.288,29,5,4,5.22,0.218,0.394,0.346,0.316,0.323,0.407,0.36,87.8,14.8,34.1,8.9
"148","Leclerc, Jose",600917,2022,39,47.2,198,33,5,54,21,27.3,10.6,0.192,0.337,0.288,0.625,0.243,15,0,3,2.83,0.188,0.323,0.28,0.278,0.287,0.324,0.32,86.6,24.2,27.5,6.7
"149","Machado, Andres",600921,2022,51,59.1,262,55,7,46,27,17.6,10.3,0.241,0.404,0.321,0.725,0.267,22,2,0,3.34,0.272,0.448,0.317,0.352,0.353,0.337,0.387,89.5,9.9,38,8.6
"150","Pivetta, Nick",601713,2022,33,179.2,773,175,27,175,73,22.6,9.4,0.253,0.425,0.327,0.752,0.3,91,10,12,4.56,0.248,0.433,0.33,0.332,0.324,0.387,0.39,90.7,15.2,36.3,9
"151","Barlow, Scott",605130,2022,69,74.1,290,52,9,77,22,26.6,7.6,0.198,0.324,0.266,0.59,0.24,18,7,4,2.18,0.201,0.337,0.261,0.269,0.27,0.313,0.325,86.4,11.6,29.3,6.9
"152","Bassitt, Chris",605135,2022,30,181.2,745,159,19,167,49,22.4,6.6,0.234,0.359,0.297,0.656,0.282,69,15,9,3.42,0.227,0.359,0.291,0.29,0.291,0.337,0.335,85.7,10.8,31.1,6.6
"153","Brebbia, John",605154,2022,76,68,288,71,5,54,18,18.8,6.3,0.268,0.423,0.315,0.738,0.317,24,6,2,3.18,0.237,0.384,0.317,0.291,0.286,0.368,0.333,87.8,17.1,32.6,6.5
"154","Bundy, Dylan",605164,2022,29,140,595,151,24,94,28,15.8,4.7,0.271,0.459,0.306,0.765,0.285,76,8,8,4.89,0.263,0.44,0.329,0.321,0.3,0.371,0.361,88.9,18.6,35.3,8.9
"155","Chafin, Andrew",605177,2022,64,57.1,243,48,5,67,19,27.6,7.8,0.222,0.329,0.29,0.619,0.293,18,2,3,2.83,0.203,0.32,0.276,0.267,0.274,0.338,0.323,87.5,11,28.6,8.4
"156","Clevinger, Mike",605182,2022,23,114.1,485,102,20,91,35,18.8,7.2,0.233,0.412,0.304,0.716,0.25,55,7,7,4.33,0.247,0.435,0.314,0.332,0.318,0.347,0.372,88.2,18.8,36.7,9.5
"157","Cotton, Jharel",605194,2022,30,43,181,34,7,39,20,21.5,11,0.218,0.404,0.309,0.713,0.239,17,4,2,3.56,0.219,0.376,0.313,0.304,0.311,0.345,0.332,88.6,23.9,34.2,7.5
"158","Davies, Zach",605200,2022,27,134.1,570,122,21,102,52,17.9,9.1,0.241,0.412,0.309,0.721,0.258,61,2,5,4.09,0.25,0.43,0.315,0.329,0.321,0.343,0.363,87.4,13,31.6,8
"159","Edwards Jr., Carl",605218,2022,57,62,256,51,8,56,25,21.9,9.8,0.224,0.351,0.301,0.652,0.259,19,6,3,2.76,0.213,0.34,0.291,0.284,0.292,0.325,0.316,87.7,12.2,32.8,4.6
"160","Fulmer, Michael",605242,2022,67,63.2,276,59,4,61,28,22.1,10.1,0.247,0.364,0.333,0.697,0.309,24,5,6,3.39,0.235,0.356,0.302,0.302,0.327,0.346,0.345,88.3,16.8,37.4,4.4
"161","Holmes, Clay",605280,2022,62,63.2,260,45,2,65,20,25,7.7,0.196,0.261,0.286,0.547,0.264,18,7,4,2.54,0.187,0.247,0.251,0.244,0.279,0.276,0.266,89.1,-7.9,17.6,1.8
"162","Houser, Adrian",605288,2022,22,102.2,454,103,8,69,46,15.2,10.1,0.258,0.388,0.333,0.721,0.289,54,6,10,4.73,0.272,0.422,0.317,0.341,0.349,0.329,0.362,88.7,10.3,32.6,5.6
"163","Lopez, Jorge",605347,2022,67,71,298,53,4,72,31,24.2,10.4,0.206,0.3,0.306,0.606,0.268,20,4,7,2.54,0.211,0.323,0.27,0.284,0.313,0.3,0.321,87.3,1.7,29.8,4.8
"164","Musgrove, Joe",605397,2022,30,181,740,154,22,184,42,24.9,5.7,0.227,0.383,0.284,0.667,0.277,59,10,7,2.93,0.225,0.35,0.292,0.282,0.284,0.355,0.341,86.4,11.7,34.7,6
"165","Nola, Aaron",605400,2022,32,205,807,168,19,235,29,29.1,3.6,0.219,0.347,0.256,0.603,0.291,74,11,13,3.25,0.211,0.34,0.264,0.259,0.248,0.351,0.343,87.7,12.5,34.3,7.1
"166","Romano, Jordan",605447,2022,63,64,258,44,4,73,21,28.3,8.1,0.19,0.263,0.268,0.531,0.258,15,5,4,2.11,0.223,0.348,0.238,0.284,0.299,0.286,0.361,90.3,12.5,28.9,6.9
"167","Snell, Blake",605483,2022,24,128,535,103,11,171,51,32,9.5,0.216,0.342,0.292,0.634,0.308,48,8,10,3.38,0.207,0.337,0.282,0.279,0.286,0.368,0.363,90.1,17.1,39.2,7.4
"168","Springs, Jeffrey",605488,2022,33,135.1,549,114,14,144,31,26.2,5.6,0.222,0.353,0.267,0.62,0.28,37,9,5,2.46,0.231,0.364,0.272,0.282,0.276,0.342,0.357,87.5,14.9,34,5.9
"169","Thompson, Zach",605507,2022,29,121.2,543,138,19,90,46,16.6,8.5,0.28,0.446,0.344,0.79,0.309,70,3,10,5.18,0.28,0.442,0.346,0.346,0.345,0.381,0.382,88.3,11.3,34.2,6.4
"170","Warren, Art",605521,2022,39,36,165,37,6,40,22,24.2,13.3,0.264,0.443,0.37,0.813,0.326,26,2,3,6.5,0.229,0.416,0.356,0.337,0.345,0.42,0.39,90.3,17.3,31.7,11.9
"171","Wendelken, J.B.",605525,2022,29,29,122,25,4,21,14,17.2,11.5,0.234,0.374,0.328,0.702,0.256,17,2,1,5.28,0.299,0.478,0.314,0.38,0.386,0.325,0.418,87.9,13.4,32.6,7
"172","Wisler, Matt",605538,2022,39,44,176,30,6,35,14,19.9,8,0.189,0.365,0.253,0.618,0.202,11,3,3,2.25,0.199,0.385,0.268,0.281,0.263,0.299,0.318,87.5,27.3,31.5,11.8
"173","Woodruff, Brandon",605540,2022,27,153.1,620,122,18,190,42,30.6,6.8,0.215,0.366,0.274,0.64,0.287,52,13,4,3.05,0.212,0.349,0.282,0.277,0.273,0.372,0.365,88.8,16.8,34.1,7.1
"174","Gallegos, Giovanny",606149,2022,57,59,235,42,6,73,18,31.1,7.7,0.197,0.338,0.256,0.594,0.263,20,3,6,3.05,0.194,0.353,0.259,0.267,0.255,0.341,0.353,89.8,24,33.3,9
"175","Montero, Rafael",606160,2022,71,68.1,270,47,3,73,23,27,8.5,0.193,0.267,0.268,0.535,0.262,18,5,2,2.37,0.204,0.291,0.241,0.257,0.279,0.283,0.308,86.3,7.9,29.7,2.9
"176","Payamps, Joel",606303,2022,41,55.2,241,60,7,41,16,17,6.6,0.273,0.427,0.325,0.752,0.305,20,3,6,3.23,0.243,0.394,0.325,0.305,0.301,0.366,0.34,89,6.5,29.7,7.7
"177","Garcia, Jarlin",606424,2022,58,65,270,60,10,56,18,20.7,6.7,0.242,0.415,0.295,0.71,0.273,27,1,4,3.74,0.247,0.435,0.308,0.32,0.302,0.362,0.379,88.8,16.7,31.3,10.8
"178","Moronta, Reyes",606625,2022,39,37.2,161,30,5,38,18,23.6,11.2,0.214,0.371,0.311,0.682,0.255,18,2,2,4.3,0.192,0.329,0.301,0.282,0.295,0.34,0.311,86.4,23.4,33,6.8
"179","Rodon, Carlos",607074,2022,31,178,710,131,12,237,52,33.4,7.3,0.202,0.308,0.263,0.571,0.295,57,14,8,2.88,0.198,0.309,0.255,0.254,0.26,0.343,0.341,89,19.4,33.6,6.5
"180","Weems, Jordan",607179,2022,32,39.2,166,35,7,41,12,24.7,7.2,0.23,0.441,0.285,0.726,0.267,23,0,1,5.22,0.225,0.381,0.31,0.287,0.28,0.387,0.353,90.6,20.6,34.5,7.1
"181","Fedde, Erick",607200,2022,27,127,573,149,21,94,58,16.4,10.1,0.293,0.47,0.362,0.832,0.321,82,6,13,5.81,0.283,0.451,0.362,0.356,0.356,0.397,0.389,89.5,13.4,34.9,8.1
"182","Krehbiel, Joey",607216,2022,56,57.2,244,53,9,45,18,18.4,7.4,0.242,0.434,0.303,0.737,0.26,25,5,5,3.9,0.245,0.411,0.317,0.312,0.307,0.355,0.349,86.8,13.4,32.6,7.3
"183","Garrett, Amir",607237,2022,60,45.1,196,28,0,49,32,25,16.3,0.177,0.241,0.332,0.573,0.255,25,3,1,4.96,0.194,0.277,0.276,0.296,0.346,0.259,0.294,88.3,17.8,30.9,6.4
"184","Martinez, Nick",607259,2022,47,106.1,448,96,15,95,41,21.2,9.2,0.239,0.398,0.315,0.713,0.276,41,4,4,3.47,0.233,0.372,0.315,0.304,0.31,0.357,0.341,86.5,11.5,30.2,8.1
"185","Banda, Anthony",607455,2022,32,26.2,135,43,4,30,13,22.2,9.6,0.361,0.538,0.43,0.968,0.453,20,1,1,6.75,0.277,0.431,0.415,0.343,0.356,0.513,0.406,84.9,15.1,44.4,6.7
"186","Bummer, Aaron",607481,2022,32,26.2,117,30,2,30,10,25.6,8.5,0.288,0.375,0.359,0.734,0.384,7,2,1,2.36,0.257,0.356,0.328,0.308,0.331,0.4,0.37,90.2,-3.5,30.7,6.7
"187","Freeland, Kyle",607536,2022,31,174.2,766,193,19,131,53,17.1,6.9,0.281,0.456,0.342,0.798,0.319,88,9,11,4.53,0.271,0.457,0.346,0.347,0.337,0.383,0.385,89.8,12.7,35.2,9.7
"188","Lugo, Seth",607625,2022,62,65,272,58,9,69,18,25.4,6.6,0.233,0.378,0.29,0.668,0.283,26,3,2,3.6,0.232,0.369,0.292,0.29,0.29,0.359,0.356,88.5,10.9,30.2,8.2
"189","Estevez, Carlos",608032,2022,62,57,235,44,7,54,23,23,9.8,0.211,0.373,0.289,0.662,0.247,22,4,4,3.47,0.239,0.402,0.29,0.316,0.317,0.331,0.37,89.6,17.6,38.2,7.6
"190","De Jong, Chase",608328,2022,42,71.2,293,52,10,59,30,20.1,10.2,0.204,0.38,0.299,0.679,0.225,21,6,3,2.64,0.214,0.384,0.3,0.306,0.307,0.322,0.331,88.4,20.3,29.8,8.6
"191","Fried, Max",608331,2022,30,185.1,733,156,12,170,32,23.2,4.4,0.225,0.319,0.262,0.581,0.28,51,14,7,2.48,0.227,0.328,0.255,0.264,0.266,0.309,0.322,86.2,7.6,29.4,4
"192","Giolito, Lucas",608337,2022,30,161.2,698,171,24,177,61,25.4,8.7,0.272,0.455,0.338,0.793,0.34,88,11,9,4.9,0.249,0.397,0.344,0.318,0.319,0.429,0.39,88.8,12.6,37.9,7.5
"193","Irvin, Cole",608344,2022,30,181,741,174,25,128,36,17.3,4.9,0.251,0.416,0.293,0.709,0.274,80,9,13,3.98,0.258,0.451,0.306,0.324,0.301,0.348,0.371,89.4,15.5,36.1,9.6
"194","Knebel, Corey",608349,2022,46,44.2,193,33,4,41,27,21.2,14,0.202,0.337,0.321,0.658,0.244,17,3,5,3.43,0.217,0.346,0.293,0.303,0.334,0.306,0.322,88.7,15,30.9,5.7
"195","Wacha, Michael",608379,2022,23,127.1,515,111,18,104,31,20.2,6,0.233,0.41,0.283,0.693,0.26,47,11,2,3.32,0.254,0.446,0.301,0.329,0.306,0.348,0.387,88.2,12.8,35.4,9.6
"196","Marquez, German",608566,2022,31,181.2,779,185,30,150,63,19.3,8.1,0.263,0.467,0.324,0.791,0.292,100,9,13,4.95,0.256,0.423,0.341,0.327,0.321,0.391,0.371,90.5,9.1,35.8,7.1
"197","Duffey, Tyler",608648,2022,40,44,185,45,8,39,15,21.1,8.1,0.268,0.47,0.33,0.8,0.303,24,2,4,4.91,0.295,0.471,0.345,0.358,0.355,0.408,0.427,90.2,9.6,40,8.5
"198","Graveman, Kendall",608665,2022,65,65,285,65,5,66,26,23.2,9.1,0.257,0.364,0.33,0.694,0.324,23,3,4,3.18,0.239,0.337,0.306,0.292,0.316,0.357,0.336,88.1,6,28.9,4.2
"199","Leone, Dominic",608678,2022,55,49.1,222,55,6,52,24,23.4,10.8,0.281,0.464,0.357,0.821,0.353,22,4,5,4.01,0.238,0.372,0.35,0.3,0.32,0.431,0.356,89.9,16.2,34.9,6.2
"200","Stratton, Chris",608717,2022,60,63.1,279,72,4,60,25,21.5,9,0.291,0.405,0.356,0.761,0.364,30,10,4,4.26,0.256,0.39,0.332,0.315,0.327,0.389,0.366,89.7,12.8,33.3,5.7
"201","Suter, Brent",608718,2022,54,66.2,272,58,9,53,22,19.5,8.1,0.236,0.407,0.306,0.713,0.266,28,5,3,3.78,0.242,0.358,0.313,0.3,0.313,0.35,0.332,85.7,12.9,26.3,5.7
"202","Voth, Austin",608723,2022,41,101.2,442,111,14,90,31,20.4,7,0.275,0.432,0.329,0.761,0.32,49,5,4,4.34,0.255,0.421,0.331,0.323,0.314,0.387,0.376,88.4,16.6,37.2,8.5
"203","Castro, Miguel",612434,2022,34,29,131,27,2,31,15,23.7,11.5,0.243,0.387,0.354,0.741,0.321,13,5,0,4.03,0.252,0.388,0.333,0.339,0.362,0.375,0.386,88.3,10.9,35,11.3
"204","Ruiz, Jose",614179,2022,63,60.2,265,53,9,68,33,25.7,12.5,0.231,0.41,0.325,0.735,0.284,31,1,0,4.6,0.229,0.403,0.323,0.321,0.323,0.383,0.38,89.1,12.8,32.3,8.5
"205","Quantrill, Cal",615698,2022,32,186.1,770,178,21,128,47,16.6,6.1,0.254,0.389,0.307,0.696,0.28,70,15,5,3.38,0.258,0.417,0.305,0.321,0.313,0.334,0.355,87.6,13.8,33.3,7.5
"206","Sawamura, Hirokazu",617228,2022,49,50.2,221,45,4,40,27,18.1,12.2,0.238,0.339,0.326,0.665,0.273,21,1,1,3.73,0.252,0.392,0.294,0.321,0.34,0.306,0.345,88.9,8.8,32.5,7.1
"207","Cuas, Jose",621016,2022,47,37.2,180,39,2,34,24,18.9,13.3,0.264,0.372,0.385,0.757,0.327,15,4,2,3.58,0.241,0.333,0.34,0.321,0.37,0.353,0.325,85.8,5.2,31,3.4
"208","Wilson, Steven",621051,2022,50,53,214,36,7,53,20,24.8,9.3,0.191,0.346,0.277,0.623,0.223,18,4,2,3.06,0.182,0.306,0.277,0.263,0.272,0.315,0.292,87.6,26,33.3,7.2
"209","Rucker, Michael",621074,2022,41,54.2,229,50,8,50,20,21.8,8.7,0.242,0.396,0.306,0.702,0.278,24,3,1,3.95,0.23,0.376,0.308,0.297,0.298,0.356,0.343,89.8,13.4,27,8.2
"210","Kaprielian, James",621076,2022,26,134,577,121,16,98,59,17,10.2,0.239,0.414,0.321,0.735,0.264,63,5,9,4.23,0.254,0.415,0.322,0.331,0.336,0.341,0.354,88.4,16.9,34.2,8
"211","Eflin, Zach",621107,2022,20,75.2,313,70,8,65,15,20.8,4.8,0.241,0.393,0.288,0.681,0.282,34,3,5,4.04,0.227,0.364,0.295,0.282,0.276,0.346,0.327,85.3,10.5,31.6,6.1
"212","Buehler, Walker",621111,2022,12,65,274,67,8,58,17,21.2,6.2,0.263,0.412,0.314,0.726,0.312,29,6,3,4.02,0.258,0.418,0.318,0.32,0.31,0.375,0.379,87.9,7.2,34,6.6
"213","Blackburn, Paul",621112,2022,21,111.1,467,110,15,89,30,19.1,6.4,0.255,0.441,0.311,0.752,0.291,53,7,6,4.28,0.259,0.401,0.326,0.315,0.315,0.375,0.36,88.2,9,30,7
"214","McCullers Jr., Lance",621121,2022,8,47.2,195,37,4,50,22,25.6,11.3,0.215,0.337,0.303,0.64,0.277,12,4,2,2.27,0.224,0.342,0.287,0.294,0.31,0.332,0.343,87.7,8,26.8,4.9
"215","Alvarado, Jose",621237,2022,59,51,214,38,2,81,24,37.9,11.2,0.203,0.289,0.296,0.585,0.343,18,4,2,3.18,0.187,0.275,0.259,0.249,0.282,0.371,0.351,87.2,3,30.6,6.5
"216","Diaz, Edwin",621242,2022,61,62,235,34,3,118,18,50.2,7.7,0.16,0.216,0.23,0.446,0.33,9,3,1,1.31,0.149,0.205,0.205,0.202,0.223,0.358,0.355,85.5,10.4,34,4.1
"217","Berrios, Jose",621244,2022,32,172,753,199,29,149,45,19.8,6,0.288,0.465,0.34,0.805,0.329,100,12,7,5.23,0.275,0.466,0.35,0.346,0.329,0.41,0.405,90,13.9,36.3,9.5
"218","Garza Jr., Ralph",621248,2022,19,35,153,38,4,17,16,11.1,10.5,0.284,0.425,0.368,0.793,0.301,13,2,2,3.34,0.293,0.453,0.347,0.361,0.377,0.35,0.368,87.3,10.4,36.4,6.8
"219","Underwood Jr., Duane",621249,2022,51,57.1,259,57,1,57,25,22,9.7,0.25,0.316,0.336,0.652,0.327,28,1,6,4.4,0.256,0.354,0.295,0.313,0.342,0.326,0.353,87.8,7.3,36,3.5
"220","Wittgren, Nick",621295,2022,29,29,134,35,1,17,10,12.7,7.5,0.299,0.419,0.368,0.787,0.337,19,1,0,5.9,0.262,0.365,0.346,0.317,0.34,0.355,0.317,89,14.2,30.1,1
"221","Minter, A.J.",621345,2022,75,70,271,49,5,94,15,34.7,5.5,0.198,0.306,0.249,0.555,0.289,16,5,4,2.06,0.182,0.304,0.246,0.242,0.237,0.343,0.336,88.3,18,32.1,8.8
"222","Poche, Colin",621363,2022,65,58.2,245,46,11,64,22,26.1,9,0.211,0.408,0.282,0.69,0.238,26,4,2,3.99,0.215,0.365,0.299,0.292,0.288,0.364,0.353,86,22.3,33.5,8.9
"223","Borucki, Ryan",621366,2022,32,25.1,111,24,6,21,11,18.9,9.9,0.247,0.464,0.336,0.8,0.257,16,2,0,5.68,0.28,0.472,0.35,0.368,0.365,0.388,0.414,88.1,8.1,32.5,10.4
"224","Hearn, Taylor",621368,2022,31,100,449,107,11,97,43,21.6,9.6,0.268,0.427,0.342,0.769,0.327,57,6,8,5.13,0.265,0.42,0.337,0.337,0.341,0.391,0.391,89.5,15.1,38.6,9.8
"225","Strahm, Matt",621381,2022,50,44.2,193,38,5,52,17,26.9,8.8,0.224,0.353,0.311,0.664,0.289,19,4,4,3.83,0.204,0.346,0.296,0.285,0.294,0.354,0.337,87.5,18.3,37,7.6
"226","Banks, Tanner",621383,2022,35,53,217,42,5,49,18,22.6,8.3,0.213,0.315,0.281,0.596,0.257,18,2,0,3.06,0.252,0.383,0.268,0.312,0.318,0.302,0.367,88.1,9.6,33.6,7.4
"227","Blach, Ty",621389,2022,24,44.1,193,51,4,29,11,15,5.7,0.291,0.463,0.333,0.796,0.322,29,1,0,5.89,0.273,0.403,0.338,0.313,0.32,0.377,0.346,87.4,13.6,35.8,6
"228","Young, Alex",622065,2022,25,26.2,116,29,0,21,11,18.1,9.5,0.282,0.379,0.353,0.732,0.349,7,1,1,2.36,0.249,0.334,0.325,0.297,0.326,0.354,0.315,88.9,7.3,30.1,2.4
"229","Wood, Alex",622072,2022,26,130.2,555,132,17,131,30,23.6,5.4,0.262,0.407,0.315,0.722,0.317,74,8,12,5.1,0.248,0.398,0.315,0.31,0.305,0.382,0.376,88.6,8.5,33.8,7.1
"230","Almonte, Yency",622075,2022,33,35.1,135,18,2,33,10,24.4,7.4,0.15,0.233,0.237,0.47,0.186,4,0,0,1.02,0.205,0.306,0.215,0.271,0.29,0.225,0.309,83.4,11.1,30.7,4.5
"231","Smith, Drew",622098,2022,44,46,187,38,9,53,15,28.3,8,0.222,0.404,0.283,0.687,0.264,17,3,3,3.33,0.222,0.409,0.3,0.302,0.284,0.385,0.388,90.1,19.5,34.5,11.8
"232","Sborz, Josh",622250,2022,19,22.1,100,25,4,32,11,32,11,0.284,0.489,0.36,0.849,0.396,16,1,0,6.45,0.266,0.443,0.364,0.342,0.344,0.511,0.474,92.1,18.8,43.9,10.5
"233","Staumont, Josh",622251,2022,42,37.2,176,37,3,43,29,24.4,16.5,0.261,0.423,0.383,0.806,0.343,27,3,3,6.45,0.247,0.392,0.355,0.342,0.372,0.407,0.383,90.2,18.6,38.8,5.8
"234","Tate, Dillon",622253,2022,67,73.2,292,57,6,60,16,20.5,5.5,0.213,0.341,0.274,0.615,0.251,25,4,4,3.05,0.226,0.337,0.27,0.277,0.286,0.304,0.314,87.1,0,25.4,5.3
"235","Castillo, Luis",622491,2022,25,150.1,615,118,13,167,45,27.2,7.3,0.212,0.332,0.279,0.611,0.276,50,8,6,2.99,0.223,0.344,0.273,0.284,0.291,0.332,0.35,89,10.4,33.8,6.9
"236","Crismatt, Nabil",622503,2022,50,67.1,280,57,5,65,22,23.2,7.9,0.226,0.361,0.289,0.65,0.28,22,5,2,2.94,0.234,0.35,0.285,0.29,0.302,0.332,0.341,87.7,7.8,33,5.2
"237","Dominguez, Seranthony",622554,2022,54,51,207,36,4,61,22,29.5,10.6,0.197,0.311,0.285,0.596,0.269,17,6,5,3,0.214,0.337,0.268,0.286,0.301,0.325,0.355,90.2,8.9,31.7,8.1
"238","Senzatela, Antonio",622608,2022,19,92.1,413,133,9,54,23,13.1,5.6,0.349,0.504,0.388,0.892,0.386,52,3,7,5.07,0.31,0.446,0.386,0.35,0.353,0.425,0.381,89.9,6.7,34.2,4.5
"239","Severino, Luis",622663,2022,19,102,405,72,14,112,30,27.7,7.4,0.196,0.353,0.263,0.616,0.239,36,7,3,3.18,0.203,0.328,0.273,0.268,0.271,0.336,0.329,89.4,11,33.6,6.9
"240","Hernandez, Elieser",622694,2022,20,62.1,278,67,19,60,22,21.6,7.9,0.269,0.586,0.335,0.921,0.277,44,3,6,6.35,0.233,0.475,0.388,0.337,0.306,0.469,0.395,89.4,24.1,33.3,13
"241","Sewald, Paul",623149,2022,65,64,243,32,10,72,18,29.6,7.4,0.146,0.301,0.223,0.524,0.159,19,5,4,2.67,0.189,0.319,0.228,0.253,0.262,0.282,0.323,86.3,20.6,33.6,9.4
"242","Flexen, Chris",623167,2022,33,137.2,590,132,17,95,51,16.1,8.6,0.25,0.408,0.315,0.723,0.273,57,8,9,3.73,0.256,0.43,0.315,0.33,0.324,0.34,0.361,89.1,18.4,35.7,9
"243","Brazoban, Huascar",623211,2022,27,32,141,26,3,40,21,28.4,14.9,0.222,0.35,0.35,0.7,0.311,11,1,1,3.09,0.201,0.311,0.317,0.296,0.332,0.374,0.337,83.2,7.3,29.5,5.1
"244","Hader, Josh",623352,2022,56,50,219,43,8,81,21,37,9.6,0.225,0.403,0.311,0.714,0.333,29,2,5,5.22,0.197,0.359,0.313,0.292,0.29,0.454,0.412,87.7,16.4,45.1,11.5
"245","Stephens, Jackson",623451,2022,39,53.2,235,49,3,47,23,20,9.8,0.238,0.325,0.322,0.647,0.293,22,3,3,3.69,0.247,0.361,0.286,0.304,0.331,0.314,0.34,87,8.8,33.3,4.9
"246","Phillips, Evan",623465,2022,64,63,233,33,2,77,15,33,6.4,0.155,0.211,0.219,0.43,0.228,8,7,3,1.14,0.175,0.266,0.197,0.231,0.242,0.245,0.304,86.1,15,31.2,4.3
"247","Herget, Jimmy",623474,2022,49,69,266,48,4,63,15,23.7,5.6,0.196,0.314,0.25,0.564,0.246,19,2,1,2.48,0.216,0.342,0.245,0.267,0.27,0.293,0.324,88.1,15,31.4,6.5
"248","Suarez, Ranger",624133,2022,29,155.1,662,149,15,129,58,19.5,8.8,0.249,0.396,0.317,0.713,0.294,63,10,7,3.65,0.241,0.368,0.314,0.302,0.31,0.352,0.336,87.5,5.1,27.9,6.8
"249","Thompson, Keegan",624522,2022,29,115,485,103,16,108,43,22.3,8.9,0.239,0.411,0.32,0.731,0.282,48,10,5,3.76,0.241,0.413,0.322,0.325,0.323,0.37,0.375,89,13.2,36.6,8.6
"250","Lopez, Reynaldo",625643,2022,61,65.1,254,51,1,63,11,24.8,4.3,0.218,0.312,0.252,0.564,0.287,20,6,4,2.76,0.229,0.327,0.245,0.267,0.268,0.305,0.336,89.4,15.3,36,5.1
"251","Iglesias, Raisel",628452,2022,67,62,246,46,5,78,14,31.7,5.7,0.204,0.314,0.258,0.572,0.285,17,2,6,2.47,0.213,0.36,0.253,0.275,0.268,0.338,0.375,87.3,17.5,39.1,10.6
"252","Marte, Yunior",628708,2022,39,48,214,47,5,44,22,20.6,10.3,0.255,0.391,0.35,0.741,0.307,29,1,1,5.44,0.238,0.326,0.33,0.304,0.337,0.361,0.32,86.8,9.5,31,3.5
"253","Urias, Julio",628711,2022,31,175,689,127,23,166,41,24.1,6,0.199,0.347,0.251,0.598,0.229,42,17,7,2.16,0.205,0.332,0.263,0.262,0.258,0.313,0.312,86.7,17.2,29.6,6.7
"254","Crowe, Wil",640444,2022,60,76,332,68,8,68,38,20.5,11.4,0.235,0.356,0.329,0.685,0.28,37,6,10,4.38,0.248,0.364,0.308,0.317,0.34,0.332,0.344,87.6,10,30.5,4.9
"255","Finnegan, Kyle",640448,2022,66,66.2,268,54,9,70,22,26.1,8.2,0.221,0.381,0.284,0.665,0.269,26,6,4,3.51,0.221,0.364,0.288,0.283,0.284,0.357,0.35,90.2,8.3,30.7,8
"256","Harvey, Hunter",640451,2022,38,39.1,157,33,1,45,12,28.7,7.6,0.234,0.333,0.287,0.62,0.323,11,2,1,2.52,0.205,0.311,0.272,0.26,0.266,0.345,0.325,90.4,14.5,31,5
"257","Manaea, Sean",640455,2022,30,158,671,155,29,156,50,23.2,7.5,0.254,0.455,0.311,0.766,0.292,87,8,9,4.96,0.24,0.407,0.33,0.312,0.301,0.402,0.375,90.3,16.3,32.7,9.1
"258","Puk, A.J.",640462,2022,62,66.1,281,53,7,76,23,27,8.2,0.217,0.357,0.31,0.667,0.286,23,4,3,3.12,0.222,0.358,0.296,0.299,0.315,0.357,0.364,86.9,11.4,29.2,8.8
"259","Lopez, Pablo",641154,2022,32,180,736,157,21,174,53,23.6,7.2,0.234,0.404,0.296,0.7,0.283,75,10,10,3.75,0.239,0.378,0.305,0.301,0.302,0.365,0.359,87.9,11,33.7,9
"260","Alexander, Tyler",641302,2022,27,101,427,108,18,61,25,14.3,5.9,0.275,0.473,0.315,0.788,0.281,54,4,11,4.81,0.281,0.497,0.337,0.355,0.327,0.372,0.395,88.9,16.9,37.6,11.2
"261","Baker, Bryan",641329,2022,66,69.2,291,60,3,76,26,26.1,8.9,0.23,0.31,0.306,0.616,0.311,27,4,3,3.49,0.226,0.318,0.277,0.28,0.303,0.328,0.332,89.8,13.3,31.7,4.8
"262","Bickford, Phil",641360,2022,60,61,247,53,12,67,14,27.1,5.7,0.233,0.449,0.279,0.728,0.27,32,2,1,4.72,0.21,0.403,0.312,0.29,0.262,0.403,0.37,88.8,18.4,28,11.6
"263","Brogdon, Connor",641401,2022,47,44,188,44,6,50,11,26.6,5.9,0.253,0.414,0.299,0.713,0.319,16,2,2,3.27,0.224,0.358,0.31,0.278,0.273,0.398,0.35,87.4,18.8,36.5,6.3
"264","Castano, Daniel",641447,2022,10,35.2,156,42,5,20,9,12.8,5.8,0.292,0.507,0.342,0.849,0.311,16,1,3,4.04,0.281,0.431,0.366,0.336,0.333,0.395,0.359,86.9,11,28.8,6.4
"265","Cortes Jr., Nestor",641482,2022,28,158.1,615,108,16,163,38,26.5,6.2,0.189,0.313,0.241,0.554,0.232,43,12,4,2.44,0.204,0.32,0.245,0.257,0.256,0.299,0.317,87.9,19.2,34.2,5.3
"266","Danish, Tyler",641501,2022,32,40.1,173,40,7,32,12,18.5,6.9,0.255,0.439,0.324,0.763,0.28,23,3,1,5.13,0.292,0.512,0.334,0.377,0.357,0.373,0.433,89,10.1,34.4,10.4
"267","Dunning, Dane",641540,2022,29,153.1,671,158,20,137,62,20.4,9.2,0.268,0.443,0.345,0.788,0.314,76,4,8,4.46,0.25,0.4,0.344,0.327,0.332,0.39,0.366,87.9,5.4,30,8.9
"268","Foster, Matt",641582,2022,48,45,193,43,6,42,17,21.8,8.8,0.247,0.391,0.313,0.704,0.291,22,1,2,4.4,0.252,0.399,0.308,0.317,0.32,0.359,0.373,88.2,20.4,39.6,6
"269","Gott, Trevor",641627,2022,45,45.2,186,35,8,44,12,23.7,6.5,0.205,0.392,0.269,0.661,0.227,21,3,4,4.14,0.203,0.333,0.29,0.268,0.267,0.342,0.311,86.7,13.3,33.1,7.9
"270","Hudson, Dakota",641712,2022,27,139.2,596,141,9,78,61,13.1,10.2,0.273,0.375,0.356,0.731,0.303,69,8,7,4.45,0.276,0.409,0.326,0.343,0.361,0.326,0.349,89,6.3,31.7,6
"271","Jefferies, Daulton",641726,2022,8,39.1,172,46,4,28,8,16.3,4.7,0.286,0.441,0.326,0.767,0.323,25,1,7,5.72,0.25,0.397,0.333,0.301,0.292,0.376,0.334,89.2,11,34.3,8.2
"272","Jimenez, Joe",641729,2022,62,56.2,231,49,4,77,13,33.3,5.6,0.226,0.341,0.268,0.609,0.328,22,3,2,3.49,0.216,0.345,0.268,0.266,0.259,0.375,0.372,88.6,20,37.6,7.8
"273","Keller, Brad",641745,2022,35,139.2,617,153,17,102,57,16.5,9.2,0.277,0.427,0.344,0.771,0.311,79,6,14,5.09,0.256,0.405,0.337,0.323,0.327,0.368,0.349,89.3,6.7,28.7,6.6
"274","Kinley, Tyler",641755,2022,25,24,100,21,0,27,6,27,6,0.226,0.28,0.28,0.56,0.318,2,1,1,0.75,0.207,0.296,0.253,0.252,0.263,0.309,0.309,88.8,13.6,34.8,1.5
"275","Kuhl, Chad",641771,2022,27,137,617,155,25,110,58,17.8,9.4,0.284,0.5,0.355,0.855,0.313,87,6,11,5.72,0.272,0.466,0.368,0.352,0.345,0.414,0.391,90.5,15.8,36,9.7
"276","Lauer, Eric",641778,2022,29,158.2,661,135,27,157,59,23.8,8.9,0.228,0.41,0.298,0.708,0.262,65,11,7,3.69,0.24,0.393,0.31,0.311,0.311,0.368,0.37,88.8,17.7,35.8,8
"277","Littell, Zack",641793,2022,39,44.1,190,48,8,39,13,20.5,6.8,0.276,0.483,0.326,0.809,0.31,25,3,3,5.08,0.223,0.394,0.348,0.297,0.28,0.412,0.341,88,13.7,29.2,8
"278","Mahle, Tyler",641816,2022,23,120.2,503,104,16,126,43,25,8.5,0.23,0.396,0.297,0.693,0.279,59,6,8,4.4,0.214,0.358,0.303,0.291,0.288,0.366,0.348,88.7,17.9,31.9,7.5
"279","Mayza, Tim",641835,2022,63,48.2,193,42,7,44,12,22.8,6.2,0.237,0.401,0.286,0.687,0.273,17,8,1,3.14,0.262,0.414,0.295,0.316,0.312,0.359,0.388,88.6,0.2,34.6,7.4
"280","Ober, Bailey",641927,2022,11,56,227,48,4,51,11,22.5,4.8,0.227,0.351,0.27,0.621,0.278,20,2,3,3.21,0.262,0.464,0.272,0.334,0.304,0.323,0.41,90.1,19.5,38,11.7
"281","Pagan, Emilio",641941,2022,59,63,274,60,12,84,26,30.7,9.5,0.245,0.457,0.319,0.776,0.32,31,4,6,4.43,0.227,0.399,0.334,0.307,0.303,0.452,0.407,89.6,12.7,35,9.8
"282","Rogers, Josh",642028,2022,16,26.1,113,24,6,12,11,10.6,9.7,0.238,0.446,0.313,0.759,0.217,15,2,2,5.13,0.247,0.466,0.331,0.343,0.321,0.331,0.346,88.6,21.7,30,8.9
"283","Sulser, Cole",642121,2022,39,34,149,39,6,38,16,25.5,10.7,0.295,0.492,0.372,0.864,0.375,20,1,4,5.29,0.261,0.445,0.374,0.342,0.342,0.475,0.426,90.2,13.9,40,8.4
"284","Trivino, Lou",642152,2022,64,53.2,250,64,6,67,24,26.8,9.6,0.288,0.428,0.368,0.796,0.389,27,2,8,4.53,0.253,0.392,0.349,0.323,0.337,0.442,0.401,88.7,6.8,32.9,7.1
"285","Williams, Devin",642207,2022,65,60.2,240,31,2,96,30,40,12.5,0.151,0.205,0.267,0.472,0.266,13,6,4,1.93,0.147,0.199,0.225,0.223,0.264,0.285,0.28,84.3,9.4,30.6,0.9
"286","Yarbrough, Ryan",642232,2022,20,80,355,88,12,61,22,17.2,6.2,0.276,0.448,0.342,0.79,0.306,40,3,8,4.5,0.251,0.412,0.345,0.324,0.321,0.382,0.352,85.1,17.2,32.6,7.3
"287","Soto, Gregory",642397,2022,64,60.1,263,49,2,60,34,22.8,12.9,0.225,0.317,0.344,0.661,0.296,22,2,11,3.28,0.222,0.346,0.302,0.313,0.343,0.316,0.336,91.4,7.7,34,6.2
"288","Loaisiga, Jonathan",642528,2022,50,48,203,43,3,37,19,18.2,9.4,0.234,0.293,0.305,0.598,0.278,22,2,3,4.13,0.245,0.33,0.271,0.29,0.316,0.288,0.315,83.9,3.3,27.9,2
"289","Barria, Jaime",642545,2022,35,79.1,316,63,11,54,19,17.1,6,0.217,0.393,0.272,0.665,0.23,23,3,3,2.61,0.242,0.426,0.29,0.314,0.295,0.318,0.351,88.3,16.3,30.8,10
"290","Hernandez, Jonathan",642546,2022,29,30.1,131,26,2,27,17,20.6,13,0.232,0.33,0.338,0.668,0.289,10,2,3,2.97,0.241,0.368,0.296,0.313,0.346,0.321,0.346,90.3,0.5,27.9,4.7
"291","Peralta, Freddy",642547,2022,18,78,317,54,6,86,27,27.1,8.5,0.19,0.303,0.266,0.569,0.247,31,4,4,3.58,0.19,0.3,0.256,0.257,0.267,0.3,0.303,87.1,16.9,31.3,3.5
"292","Bautista, Felix",642585,2022,65,65.2,253,38,7,88,23,34.8,9.1,0.167,0.291,0.245,0.536,0.231,16,4,4,2.19,0.186,0.296,0.24,0.255,0.265,0.316,0.342,86.8,14.7,32.6,8.5
"293","Santana, Dennis",642701,2022,63,58.2,255,50,2,54,28,21.2,11,0.228,0.315,0.322,0.637,0.287,34,3,8,5.22,0.245,0.341,0.287,0.306,0.338,0.305,0.333,86.6,9.7,35.5,4.7
"294","Acevedo, Domingo",642758,2022,70,67.2,266,50,9,58,17,21.8,6.4,0.206,0.37,0.265,0.635,0.232,25,4,4,3.33,0.235,0.373,0.273,0.29,0.294,0.321,0.345,86.7,14,31.4,7.4
"295","Cimber, Adam",643256,2022,77,70.2,293,66,6,58,13,19.8,4.4,0.248,0.368,0.301,0.669,0.294,22,10,6,2.8,0.252,0.368,0.294,0.297,0.305,0.337,0.341,89.1,12.1,34.6,5.1
"296","Dunn, Justin",643290,2022,7,31,138,32,11,21,17,15.2,12.3,0.276,0.629,0.38,1.009,0.247,21,1,3,6.1,0.299,0.615,0.425,0.431,0.4,0.462,0.47,91.4,20.6,42.3,16.5
"297","Jax, Griffin",643377,2022,65,72.1,290,56,7,78,20,26.9,6.9,0.212,0.333,0.273,0.606,0.271,27,7,4,3.36,0.22,0.353,0.265,0.278,0.282,0.329,0.349,88.1,10.6,33.9,6.9
"298","Leiter Jr., Mark",643410,2022,35,67.2,282,52,10,73,25,25.9,8.9,0.21,0.375,0.298,0.673,0.251,30,2,7,3.99,0.231,0.378,0.296,0.306,0.317,0.35,0.367,87.2,10.4,30.5,6.2
"299","Pruitt, Austin",643493,2022,39,55.1,224,48,11,38,9,17,4,0.226,0.439,0.259,0.698,0.224,26,0,1,4.23,0.242,0.425,0.299,0.308,0.277,0.341,0.353,88,12.9,30.1,9.7
"300","Rogers, Tyler",643511,2022,68,75.2,319,73,3,49,23,15.4,7.2,0.253,0.365,0.318,0.683,0.294,30,3,4,3.57,0.24,0.33,0.302,0.286,0.306,0.318,0.297,84.2,1.4,27.8,3.7
"301","Arano, Victor",644364,2022,43,42,187,47,5,44,12,23.5,6.4,0.278,0.408,0.339,0.747,0.347,21,1,1,4.5,0.234,0.366,0.329,0.296,0.299,0.398,0.348,85.8,6.4,32.3,5.5
"302","Alcantara, Sandy",645261,2022,32,228.2,886,174,16,207,50,23.4,5.6,0.212,0.324,0.263,0.587,0.262,58,14,9,2.28,0.215,0.331,0.26,0.266,0.268,0.306,0.316,87.8,5.5,28.4,5.3
"303","Pop, Zach",647315,2022,35,39,157,41,2,25,4,15.9,2.5,0.272,0.351,0.299,0.65,0.315,12,4,0,2.77,0.256,0.365,0.287,0.286,0.285,0.324,0.324,88.2,1.3,29.4,5.6
"304","Abreu, Bryan",650556,2022,55,60.1,248,45,2,88,26,35.5,10.5,0.207,0.267,0.302,0.569,0.336,13,4,0,1.94,0.196,0.274,0.264,0.269,0.296,0.345,0.354,86.6,12.8,25.4,3.8
"305","King, Michael",650633,2022,34,51,199,35,3,66,16,33.2,8,0.192,0.291,0.256,0.547,0.281,13,6,3,2.29,0.207,0.307,0.241,0.263,0.274,0.324,0.361,86.2,8.4,35.9,6.8
"306","Civale, Aaron",650644,2022,20,97,407,93,14,98,22,24.1,5.4,0.249,0.424,0.3,0.724,0.297,53,5,6,4.92,0.246,0.393,0.313,0.303,0.298,0.384,0.37,88.6,13.5,35,7.5
"307","Quijada, Jose",650671,2022,42,40.2,169,25,5,52,21,30.8,12.4,0.172,0.352,0.284,0.636,0.225,18,0,5,3.98,0.168,0.324,0.275,0.265,0.281,0.342,0.326,88.1,22.2,27.7,10.6
"308","Cabrera, Genesis",650893,2022,39,44.2,194,39,8,32,20,16.5,10.3,0.231,0.42,0.325,0.745,0.238,23,4,2,4.63,0.26,0.429,0.322,0.34,0.351,0.341,0.365,86.3,12.2,33.3,7.2
"309","Castillo, Diego",650895,2022,59,54.1,222,40,5,53,22,23.9,9.9,0.203,0.299,0.288,0.587,0.25,22,7,3,3.64,0.201,0.32,0.26,0.269,0.288,0.295,0.31,86.4,9,27.6,7.6
"310","Sanchez, Cristopher",650911,2022,15,40,177,38,5,35,17,19.8,9.6,0.244,0.397,0.333,0.73,0.284,25,2,2,5.63,0.243,0.389,0.323,0.32,0.333,0.355,0.351,87.9,4.9,30.6,6.6
"311","Abreu, Albert",656061,2022,33,38.2,172,35,5,38,22,22.1,12.8,0.243,0.382,0.351,0.733,0.291,14,2,2,3.26,0.234,0.37,0.328,0.324,0.347,0.359,0.354,87.6,2.9,36.7,5.5
"312","Beeks, Jalen",656222,2022,42,61,250,49,7,70,22,28,8.8,0.219,0.379,0.293,0.672,0.284,19,2,3,2.8,0.223,0.376,0.297,0.299,0.297,0.369,0.373,86.7,9.6,31.4,8.3
"313","Bird, Jake",656234,2022,38,47.2,211,45,7,42,23,19.9,10.9,0.249,0.42,0.343,0.763,0.284,26,2,4,4.91,0.254,0.414,0.331,0.336,0.353,0.367,0.375,91.2,5.4,31,6.3
"314","Brigham, Jeff",656257,2022,16,24,101,22,3,28,10,27.7,9.9,0.244,0.411,0.32,0.731,0.322,9,0,1,3.38,0.237,0.379,0.322,0.308,0.313,0.408,0.386,89.5,23.4,38.1,6.3
"315","Burke, Brock",656271,2022,52,82.1,328,63,9,90,24,27.4,7.3,0.211,0.356,0.275,0.631,0.271,18,7,5,1.97,0.219,0.362,0.278,0.284,0.281,0.348,0.358,88.6,13.2,35.4,7.1
"316","Cease, Dylan",656302,2022,32,184,747,126,16,227,78,30.4,10.4,0.19,0.306,0.278,0.584,0.261,45,14,8,2.2,0.184,0.292,0.263,0.257,0.273,0.323,0.313,86.8,15,31.4,6.2
"317","Davidson, Tucker",656353,2022,12,52,243,54,7,33,35,13.6,14.4,0.266,0.448,0.379,0.827,0.285,39,2,7,6.75,0.25,0.379,0.363,0.338,0.367,0.361,0.324,89.6,10.8,30.8,5.2
"318","Davis, Austin",656354,2022,52,56,264,57,5,64,33,24.2,12.5,0.258,0.385,0.363,0.748,0.335,36,2,1,5.79,0.239,0.372,0.333,0.33,0.35,0.382,0.378,86.5,16.9,37,7.4
"319","Faedo, Alex",656412,2022,12,53.2,244,63,7,44,25,18,10.2,0.293,0.465,0.365,0.83,0.335,33,1,5,5.53,0.277,0.464,0.361,0.358,0.355,0.403,0.399,91.1,19.1,45.4,9.8
"320","Flaherty, Jack",656427,2022,9,36,167,36,4,33,22,19.8,13.2,0.259,0.424,0.38,0.804,0.314,17,2,1,4.25,0.243,0.391,0.358,0.341,0.366,0.383,0.358,87.2,11.8,38.3,5.6
"321","Gilbert, Tyler",656457,2022,8,34.1,146,33,8,20,10,13.7,6.8,0.25,0.47,0.306,0.776,0.238,20,0,3,5.24,0.302,0.556,0.332,0.389,0.354,0.359,0.431,88.9,19.1,41.2,11.4
"322","Gilbreath, Lucas",656458,2022,47,43,187,37,2,49,26,26.2,13.9,0.242,0.32,0.36,0.68,0.333,20,2,0,4.19,0.236,0.327,0.313,0.316,0.359,0.349,0.356,88.5,13.5,30.6,2.8
"323","Ginkel, Kevin",656464,2022,30,29.1,124,27,1,30,11,24.2,8.9,0.243,0.333,0.315,0.648,0.321,11,1,1,3.38,0.209,0.305,0.29,0.266,0.284,0.338,0.301,89,8.6,26.8,4.9
"324","Hentges, Sam",656529,2022,57,62,245,41,3,72,19,29.4,7.8,0.186,0.258,0.258,0.516,0.259,16,3,2,2.32,0.206,0.303,0.235,0.261,0.278,0.283,0.327,88.8,-0.2,24.5,5.3
"325","Hoffman, Jeff",656546,2022,35,44.2,197,40,5,45,23,22.8,11.7,0.235,0.406,0.335,0.741,0.289,19,2,0,3.83,0.221,0.382,0.325,0.317,0.325,0.369,0.356,89.3,22.4,31,8.7
"326","Houck, Tanner",656557,2022,32,60,247,49,3,56,22,22.7,8.9,0.226,0.295,0.313,0.608,0.289,21,5,4,3.15,0.241,0.355,0.274,0.305,0.329,0.303,0.351,89.7,4.5,33.7,4.9
"327","Keller, Mitch",656605,2022,31,159,687,162,14,138,60,20.1,8.7,0.266,0.388,0.342,0.73,0.321,69,5,12,3.91,0.253,0.383,0.323,0.318,0.331,0.362,0.354,87.9,7.8,33.3,7.1
"328","Kopech, Michael",656629,2022,25,119.1,494,85,15,105,57,21.3,11.5,0.198,0.347,0.294,0.641,0.223,47,5,9,3.54,0.216,0.375,0.286,0.308,0.311,0.304,0.337,89.9,18.3,28.9,8.8
"329","Lange, Alex",656638,2022,71,63.1,271,47,5,82,31,30.3,11.4,0.203,0.312,0.309,0.621,0.288,24,7,4,3.41,0.202,0.31,0.282,0.283,0.309,0.339,0.343,86.1,4.9,26.1,5.2
"330","Logue, Zach",656657,2022,14,57,257,68,13,42,20,16.3,7.8,0.293,0.565,0.353,0.918,0.309,43,3,8,6.79,0.274,0.522,0.391,0.37,0.336,0.442,0.414,89.5,19.4,35.8,12.4
"331","Martin, Brett",656685,2022,55,50,212,50,4,40,18,18.9,8.5,0.26,0.396,0.322,0.718,0.309,23,1,7,4.14,0.253,0.381,0.31,0.303,0.316,0.354,0.345,89.5,6.4,32.5,5.2
"332","Martin, Corbin",656686,2022,7,22.1,101,25,3,21,12,20.8,11.9,0.291,0.465,0.37,0.835,0.344,12,0,1,4.84,0.3,0.523,0.362,0.389,0.38,0.416,0.457,91.8,10.9,45.6,10.3
"333","Megill, Trevor",656730,2022,39,45,196,50,4,49,17,25,8.7,0.282,0.401,0.347,0.748,0.368,24,4,3,4.8,0.268,0.442,0.33,0.34,0.335,0.406,0.421,92.2,9.5,38,8.5
"334","Megill, Tylor",656731,2022,15,47.1,200,46,7,51,13,25.5,6.5,0.253,0.418,0.303,0.721,0.31,27,4,2,5.13,0.253,0.438,0.313,0.321,0.303,0.394,0.405,89.2,13.5,36.3,10.4
"335","Montgomery, Jordan",656756,2022,32,178.1,724,159,21,158,36,21.8,5,0.235,0.384,0.281,0.665,0.277,69,9,6,3.48,0.258,0.4,0.291,0.31,0.303,0.346,0.371,88.5,9.8,34.1,7.1
"336","Nelson, Nick",656793,2022,47,68.2,306,66,1,69,36,22.5,11.8,0.257,0.35,0.346,0.696,0.332,37,3,2,4.85,0.222,0.323,0.311,0.297,0.322,0.342,0.32,87.6,15.1,33,3.6
"337","Newcomb, Sean",656794,2022,20,27.2,134,33,8,28,19,20.9,14.2,0.287,0.539,0.388,0.927,0.316,27,2,1,8.78,0.277,0.5,0.4,0.384,0.379,0.466,0.441,90.7,18.7,39.1,13.8
"338","Overton, Connor",656818,2022,6,33,124,21,1,14,11,11.3,8.9,0.188,0.241,0.258,0.499,0.204,10,1,0,2.73,0.235,0.34,0.23,0.288,0.303,0.211,0.284,90.2,16.2,26.3,3
"339","Peterson, David",656849,2022,28,105.2,454,93,11,126,48,27.8,10.6,0.236,0.378,0.327,0.705,0.315,45,7,5,3.83,0.231,0.362,0.313,0.308,0.325,0.383,0.375,89.7,8.1,33.7,7.7
"340","Rasmussen, Drew",656876,2022,28,146,584,121,13,125,31,21.4,5.3,0.222,0.347,0.267,0.614,0.264,46,11,7,2.84,0.238,0.375,0.27,0.29,0.283,0.316,0.344,88.9,10.1,31.2,6.6
"341","Scott, Tanner",656945,2022,67,62.2,289,55,5,90,46,31.1,15.9,0.236,0.348,0.363,0.711,0.347,30,4,5,4.31,0.223,0.324,0.321,0.316,0.358,0.393,0.383,86.1,7.6,40.9,5.4
"342","Smeltzer, Devin",656970,2022,15,70.1,287,67,13,40,19,13.9,6.6,0.253,0.449,0.304,0.753,0.254,29,5,2,3.71,0.251,0.437,0.326,0.322,0.303,0.352,0.346,88.8,16.2,32.6,7
"343","Steele, Justin",657006,2022,24,119,512,111,8,126,50,24.6,9.8,0.244,0.339,0.321,0.66,0.318,42,4,7,3.18,0.237,0.336,0.296,0.295,0.316,0.346,0.344,87.1,7.5,31,3.9
"344","Swanson, Erik",657024,2022,57,53.2,206,39,3,70,10,34,4.9,0.202,0.29,0.245,0.535,0.3,10,3,2,1.68,0.201,0.291,0.236,0.237,0.244,0.334,0.335,85,20.3,37.6,6.4
"345","Thompson, Ryan",657044,2022,47,42.2,181,39,4,39,11,21.5,6.1,0.234,0.359,0.289,0.648,0.282,18,3,3,3.8,0.23,0.338,0.282,0.273,0.285,0.333,0.32,87.8,6.8,27.1,4.7
"346","Toussaint, Touki",657053,2022,8,25.1,108,15,2,26,19,24.1,17.6,0.176,0.259,0.352,0.611,0.228,13,1,1,4.62,0.204,0.274,0.296,0.311,0.373,0.271,0.299,89.4,9.9,20.3,3.4
"347","Watkins, Spenser",657093,2022,23,105.1,459,119,11,63,30,13.7,6.5,0.281,0.423,0.333,0.756,0.308,55,5,6,4.7,0.285,0.452,0.331,0.345,0.337,0.355,0.372,90,11.6,37.6,7.2
"348","Wright, Kyle",657140,2022,30,180.1,738,156,19,174,53,23.6,7.2,0.232,0.351,0.296,0.647,0.284,64,21,5,3.19,0.244,0.383,0.288,0.306,0.308,0.338,0.365,89,4.4,31.1,6.8
"349","Merryweather, Julian",657240,2022,26,26.2,119,31,4,23,7,19.3,5.9,0.292,0.491,0.342,0.833,0.333,20,0,3,6.75,0.246,0.456,0.355,0.327,0.304,0.418,0.382,90.3,14.3,28.7,10.3
"350","Otto Jr., Glenn",657248,2022,27,135.2,587,119,21,107,62,18.2,10.6,0.236,0.402,0.332,0.734,0.257,70,7,10,4.64,0.247,0.424,0.325,0.343,0.345,0.342,0.368,89,13.2,34.2,8.9
"351","Strzelecki, Peter",657265,2022,30,35,148,28,2,40,15,27,10.1,0.22,0.331,0.301,0.632,0.295,11,2,1,2.83,0.219,0.354,0.277,0.287,0.303,0.335,0.352,88.1,16.5,41.3,7.6
"352","Uelmen, Erich",657272,2022,25,27,122,25,3,21,12,17.2,9.8,0.248,0.386,0.352,0.738,0.275,14,2,1,4.67,0.223,0.369,0.326,0.312,0.335,0.332,0.312,89,6.7,36.1,8.4
"353","Webb, Logan",657277,2022,32,192.1,787,174,11,163,49,20.7,6.2,0.24,0.346,0.293,0.639,0.294,62,15,9,2.9,0.247,0.363,0.283,0.295,0.301,0.325,0.341,88.9,3.1,29.3,5.5
"354","Schmidt, Clarke",657376,2022,29,57.2,236,46,5,56,23,23.7,9.7,0.222,0.343,0.305,0.648,0.279,20,5,5,3.12,0.222,0.359,0.285,0.292,0.305,0.331,0.341,89.1,13.5,34.2,9.7
"355","Baumann, Mike",657508,2022,13,34.1,149,43,3,23,9,15.4,6,0.314,0.445,0.362,0.807,0.357,18,1,3,4.72,0.265,0.416,0.353,0.325,0.319,0.391,0.354,91.8,9.5,29.6,7
"356","Ferguson, Caleb",657571,2022,37,34.2,142,23,1,37,17,26.1,12,0.187,0.276,0.296,0.572,0.259,7,1,0,1.82,0.195,0.285,0.265,0.273,0.303,0.285,0.297,84.8,13.8,36,3.5
"357","Hill, Tim",657612,2022,55,48,199,45,1,25,14,12.6,7,0.251,0.313,0.317,0.63,0.284,19,3,0,3.56,0.236,0.301,0.282,0.274,0.305,0.282,0.272,88.2,1.6,22.4,1.3
"358","Koenig, Jared",657649,2022,10,39.1,177,40,4,22,15,12.4,8.5,0.26,0.416,0.341,0.757,0.277,25,1,3,5.72,0.271,0.426,0.333,0.347,0.355,0.333,0.352,90.4,12.3,28.9,5.2
"359","Ryan, Joe",657746,2022,27,147,604,115,20,151,47,25,7.8,0.211,0.379,0.285,0.664,0.253,58,13,8,3.55,0.215,0.373,0.294,0.294,0.289,0.348,0.348,88.2,24.2,36.1,8.6
"360","Stout, Eric",657770,2022,20,22.1,110,25,2,25,16,22.7,14.5,0.275,0.44,0.4,0.84,0.359,14,0,0,5.64,0.219,0.361,0.37,0.323,0.354,0.422,0.344,90.6,21.6,30.3,9.1
"361","Medina, Adonis",658431,2022,14,23.2,110,30,2,17,6,15.5,5.5,0.306,0.439,0.37,0.809,0.354,16,1,0,6.08,0.287,0.44,0.357,0.351,0.353,0.389,0.381,91.2,7.4,30.9,7.4
"362","Lamet, Dinelson",659275,2022,32,32.1,149,30,4,45,19,30.2,12.8,0.242,0.419,0.356,0.775,0.338,22,1,2,6.12,0.226,0.394,0.342,0.328,0.343,0.432,0.407,90.5,15.6,42,9.9
"363","Ohtani, Shohei",660271,2022,28,166,660,124,14,219,44,33.2,6.7,0.203,0.316,0.258,0.574,0.289,43,15,9,2.33,0.204,0.311,0.255,0.256,0.26,0.346,0.347,87.1,14.5,32,6.3
"364","Rodriguez, Elvin",660730,2022,7,29.2,143,42,12,25,15,17.5,10.5,0.331,0.685,0.406,1.091,0.333,35,0,4,10.62,0.284,0.55,0.458,0.391,0.365,0.537,0.443,92.9,17.8,33.3,14.7
"365","Suarez, Jose",660761,2022,22,109,462,103,14,103,33,22.3,7.1,0.243,0.404,0.304,0.708,0.29,48,8,8,3.96,0.234,0.384,0.309,0.298,0.295,0.366,0.351,88.7,12,36,8.4
"366","De Los Santos, Yerry",660787,2022,26,25.2,112,22,3,26,11,23.2,9.8,0.224,0.367,0.309,0.676,0.275,14,0,3,4.91,0.243,0.437,0.298,0.332,0.326,0.346,0.399,88.8,9.3,23.3,12.3
"367","Graterol, Brusdar",660813,2022,46,49.2,197,39,3,43,10,21.8,5.1,0.215,0.32,0.264,0.584,0.261,18,2,4,3.26,0.207,0.294,0.256,0.246,0.258,0.296,0.283,85.5,-0.7,24.1,4.3
"368","De Los Santos, Enyel",660853,2022,50,53.1,215,40,3,61,17,28.4,7.9,0.208,0.328,0.274,0.602,0.28,18,5,0,3.04,0.236,0.4,0.265,0.306,0.302,0.327,0.394,90.6,12,38.5,9.6
"369","Gutierrez, Vladimir",661269,2022,10,36.2,179,46,8,29,24,16.2,13.4,0.313,0.612,0.425,1.037,0.339,31,1,6,7.61,0.259,0.448,0.437,0.364,0.381,0.48,0.372,89.3,18.6,37.5,9.2
"370","Martinez, Adrian",661309,2022,12,57.2,259,69,13,53,19,20.5,7.3,0.295,0.504,0.351,0.855,0.327,40,4,6,6.24,0.277,0.482,0.367,0.354,0.336,0.436,0.417,89.1,14,35.3,10.3
"371","Ortega, Oliver",661383,2022,27,34,148,32,5,33,18,22.3,12.2,0.25,0.398,0.347,0.745,0.3,14,1,3,3.71,0.263,0.418,0.332,0.344,0.358,0.376,0.394,90.4,9.3,30.2,7.3
"372","Duran, Jhoan",661395,2022,57,67.2,266,50,6,89,16,33.5,6,0.207,0.306,0.265,0.571,0.295,14,2,4,1.86,0.187,0.269,0.251,0.232,0.249,0.345,0.314,88.2,-1.1,25.5,4.5
"373","Clase, Emmanuel",661403,2022,77,72.2,271,43,3,77,10,28.4,3.7,0.167,0.225,0.2,0.425,0.223,11,3,4,1.36,0.197,0.27,0.187,0.219,0.229,0.241,0.289,86.3,0.3,29.5,2.2
"374","Martinez, Seth",661527,2022,29,38.2,155,26,3,38,14,24.5,9,0.187,0.266,0.266,0.532,0.235,9,1,1,2.09,0.198,0.301,0.242,0.26,0.277,0.27,0.298,86.6,15.4,27.5,5.9
"375","Munoz, Andres",662253,2022,64,65,248,43,5,96,15,38.7,6,0.189,0.273,0.25,0.523,0.297,18,2,5,2.49,0.164,0.241,0.231,0.211,0.229,0.342,0.306,86.2,7.2,24.1,5.3
"376","Suarez, Robert",663158,2022,45,47.2,191,29,4,61,21,31.9,11,0.176,0.285,0.284,0.569,0.25,12,5,1,2.27,0.197,0.315,0.263,0.282,0.302,0.314,0.349,88.4,12.3,37.1,8.6
"377","Feltner, Ryan",663372,2022,20,97.1,428,102,16,84,35,19.6,8.2,0.266,0.46,0.333,0.793,0.3,63,4,9,5.83,0.26,0.454,0.343,0.34,0.328,0.392,0.387,89.7,13.3,35.3,8.3
"378","Thornton, Trent",663423,2022,32,46,189,40,7,37,17,19.6,9,0.237,0.396,0.307,0.703,0.26,21,0,2,4.11,0.267,0.46,0.309,0.348,0.338,0.343,0.398,90.1,19.2,37.3,6.7
"379","Rainey, Tanner",663432,2022,29,30,128,26,5,36,13,28.1,10.2,0.228,0.386,0.305,0.691,0.284,11,1,3,3.3,0.222,0.4,0.304,0.309,0.3,0.38,0.387,89.4,22.5,30.4,10.1
"380","Martin, Davis",663436,2022,14,63.1,269,63,8,48,19,17.8,7.1,0.259,0.428,0.32,0.748,0.293,34,3,6,4.83,0.268,0.431,0.325,0.334,0.329,0.365,0.378,89.1,17.1,34.3,7.1
"381","Pilkington, Konnor",663455,2022,15,58,258,53,6,50,32,19.4,12.4,0.238,0.363,0.337,0.7,0.28,25,1,2,3.88,0.245,0.406,0.315,0.336,0.346,0.332,0.364,89.2,13.2,35.1,12.1
"382","Bubic, Kris",663460,2022,28,129,587,156,18,110,63,18.7,10.7,0.306,0.475,0.381,0.856,0.353,80,3,13,5.58,0.286,0.455,0.371,0.362,0.367,0.419,0.405,90,10.7,41,7.8
"383","McKenzie, Triston",663474,2022,31,191.1,741,138,25,190,44,25.6,5.9,0.201,0.358,0.253,0.611,0.238,63,11,11,2.96,0.222,0.397,0.268,0.293,0.274,0.328,0.365,90.2,19.7,37.3,9.8
"384","Sands, Cole",663485,2022,11,30.2,145,35,4,28,13,19.3,9,0.276,0.441,0.366,0.807,0.326,20,0,3,5.87,0.226,0.408,0.356,0.325,0.322,0.395,0.349,89.3,14.1,26.3,7.1
"385","Hjelle, Sean",663546,2022,8,25,115,33,3,28,8,24.3,7,0.311,0.425,0.365,0.79,0.4,16,1,2,5.76,0.267,0.395,0.349,0.318,0.324,0.434,0.389,89.5,3.2,39.7,6.4
"386","McClanahan, Shane",663556,2022,28,166.1,640,116,19,194,37,30.3,5.8,0.194,0.317,0.245,0.562,0.252,47,12,8,2.54,0.207,0.332,0.248,0.261,0.257,0.325,0.345,87.6,8.3,31.6,6.4
"387","Moran, Jovani",663558,2022,31,40.2,164,25,0,54,18,32.9,11,0.172,0.228,0.262,0.49,0.272,10,0,1,2.21,0.168,0.25,0.229,0.236,0.259,0.273,0.287,85,7.4,23.9,5.4
"388","Falter, Bailey",663559,2022,20,84,349,85,16,74,17,21.2,4.9,0.263,0.477,0.309,0.786,0.292,36,6,4,3.86,0.262,0.455,0.338,0.331,0.309,0.405,0.395,89,17.6,37.7,8.3
"389","Lynch IV, Daniel",663738,2022,27,131.2,600,155,21,122,52,20.3,8.7,0.29,0.456,0.355,0.811,0.337,75,4,13,5.13,0.276,0.45,0.352,0.345,0.343,0.41,0.4,91.2,12.8,33.7,8.8
"390","Morris, Cody",663752,2022,7,23.2,100,21,3,23,12,23,12,0.241,0.379,0.33,0.709,0.29,6,1,2,2.28,0.253,0.425,0.315,0.341,0.345,0.358,0.398,88,16.4,36.9,12.3
"391","Woodford, Jake",663765,2022,27,48.1,188,43,1,24,11,12.8,5.9,0.249,0.318,0.293,0.611,0.278,12,4,0,2.23,0.276,0.378,0.268,0.31,0.321,0.28,0.331,88,9.4,25,5.3
"392","Sandoval, Patrick",663776,2022,27,148.2,638,139,8,151,60,23.7,9.4,0.246,0.333,0.322,0.655,0.32,48,6,9,2.91,0.246,0.359,0.294,0.307,0.323,0.339,0.359,87.3,11.4,31.6,5.7
"393","Hicks, Jordan",663855,2022,35,61.1,263,46,5,63,35,24,13.3,0.21,0.324,0.335,0.659,0.268,33,3,6,4.84,0.212,0.331,0.302,0.307,0.338,0.319,0.327,86.9,1.4,28.5,7
"394","Singer, Brady",663903,2022,27,153.1,621,140,18,150,35,24.2,5.6,0.246,0.378,0.301,0.679,0.303,55,10,5,3.23,0.247,0.397,0.3,0.309,0.304,0.363,0.377,89.3,8.6,33.2,8.2
"395","Stephan, Trevor",663986,2022,66,63.2,267,57,3,82,18,30.7,6.7,0.237,0.329,0.299,0.628,0.344,19,6,5,2.69,0.195,0.273,0.278,0.239,0.261,0.368,0.305,87.5,10.2,27,3.1
"396","Vespi, Nick",663989,2022,25,26.1,112,29,5,28,8,25,7.1,0.284,0.51,0.339,0.849,0.343,12,5,0,4.1,0.286,0.491,0.361,0.357,0.342,0.461,0.454,87.7,10,44,10.7
"397","Gonsolin, Tony",664062,2022,24,130.1,498,79,11,119,35,23.9,7,0.172,0.299,0.237,0.536,0.207,31,16,1,2.14,0.22,0.342,0.238,0.276,0.281,0.271,0.326,89,13.8,33.8,5.6
"398","Poppen, Sean",664092,2022,29,28.2,120,27,5,22,12,18.3,10,0.265,0.49,0.336,0.826,0.278,14,2,2,4.4,0.222,0.364,0.342,0.293,0.308,0.39,0.323,89.1,16.6,35.3,7.1
"399","Effross, Scott",664123,2022,60,56.2,229,45,3,62,15,27.1,6.6,0.214,0.295,0.269,0.564,0.288,16,1,4,2.54,0.204,0.303,0.247,0.248,0.261,0.311,0.312,87.3,8.7,30,4
"400","Gibaut, Ian",664139,2022,34,36,161,39,3,48,19,29.8,11.8,0.277,0.44,0.366,0.806,0.4,18,1,2,4.5,0.212,0.305,0.354,0.282,0.31,0.465,0.34,86.6,14.9,40.9,4.3
"401","Brubaker, JT",664141,2022,28,144,646,157,17,147,54,22.8,8.4,0.271,0.433,0.341,0.774,0.334,75,3,12,4.69,0.257,0.414,0.339,0.329,0.33,0.402,0.387,89.6,10.8,36.2,7.6
"402","Swarmer, Matt",664161,2022,11,34,153,33,12,36,20,23.5,13.1,0.25,0.583,0.346,0.929,0.247,19,2,3,5.03,0.244,0.498,0.391,0.361,0.342,0.478,0.431,90.7,17.7,30.9,13.4
"403","Clarke, Taylor",664199,2022,47,49,203,50,6,48,8,23.6,3.9,0.26,0.427,0.291,0.718,0.314,22,3,1,4.04,0.23,0.373,0.309,0.277,0.263,0.387,0.343,89.5,19.1,34.9,6.2
"404","Maton III, Phil",664208,2022,67,65.2,283,58,10,73,26,25.8,9.2,0.237,0.408,0.326,0.734,0.291,28,0,2,3.84,0.246,0.382,0.321,0.32,0.336,0.387,0.385,85.1,14.2,39.2,6.3
"405","Valdez, Framber",664285,2022,31,201.1,827,166,11,194,67,23.5,8.1,0.223,0.305,0.296,0.601,0.286,63,17,6,2.82,0.227,0.329,0.272,0.284,0.301,0.308,0.327,89.8,-3.6,24,5.8
"406","Moreta, Dauri",664294,2022,35,38.1,160,32,10,39,13,24.4,8.1,0.227,0.496,0.306,0.802,0.234,23,0,2,5.4,0.221,0.405,0.341,0.311,0.304,0.415,0.369,90.6,22.9,36.5,12.5
"407","Javier, Cristian",664299,2022,30,148.2,585,89,17,194,52,33.2,8.9,0.17,0.305,0.252,0.557,0.229,42,11,9,2.54,0.168,0.286,0.251,0.244,0.25,0.321,0.308,88.4,25.4,31.2,7.2
"408","Yajure, Miguel",664337,2022,12,24.1,119,31,3,16,16,13.4,13.4,0.307,0.495,0.412,0.907,0.341,24,1,1,8.88,0.327,0.522,0.394,0.414,0.43,0.409,0.436,92.3,15.5,31.8,7.1
"409","Urquidy, Jose",664353,2022,29,164.1,681,154,29,134,38,19.7,5.6,0.244,0.438,0.292,0.73,0.264,72,13,8,3.94,0.256,0.449,0.316,0.329,0.306,0.366,0.384,89.7,17.2,34.7,9.4
"410","Diaz, Alexis",664747,2022,59,63.2,255,28,5,83,33,32.5,12.9,0.131,0.216,0.26,0.476,0.18,13,7,3,1.84,0.159,0.279,0.223,0.26,0.286,0.239,0.309,86.7,21,31.3,7.5
"411","Helsley, Ryan",664854,2022,54,64.2,239,28,6,94,20,39.3,8.4,0.128,0.237,0.201,0.438,0.185,9,9,1,1.25,0.152,0.275,0.198,0.223,0.223,0.273,0.319,88.8,22.2,27.2,8.8
"412","Lawrence, Justin",664875,2022,38,42.2,191,44,3,48,22,25.1,11.5,0.265,0.386,0.351,0.737,0.35,27,3,1,5.7,0.223,0.325,0.327,0.293,0.317,0.388,0.335,87.8,5.9,30,4.2
"413","Misiewicz, Anthony",664948,2022,32,29,121,27,4,27,10,22.3,8.3,0.248,0.422,0.308,0.73,0.291,14,1,2,4.34,0.23,0.431,0.312,0.312,0.297,0.377,0.377,90.1,16.2,38.1,11.9
"414","Kelley, Trevor",665001,2022,18,23.2,107,25,7,23,9,21.5,8.4,0.26,0.531,0.336,0.867,0.273,16,1,0,6.08,0.217,0.429,0.373,0.317,0.297,0.442,0.36,85,19.6,39.7,12.3
"415","Kremer, Dean",665152,2022,22,125.1,512,123,11,87,34,17,6.6,0.262,0.39,0.318,0.708,0.3,45,8,7,3.23,0.265,0.423,0.312,0.326,0.321,0.344,0.363,88.4,14.7,36.6,7.3
"416","Garcia, Rony",665621,2022,16,51,206,40,9,48,13,23.3,6.3,0.213,0.415,0.277,0.692,0.235,25,3,3,4.41,0.278,0.542,0.301,0.379,0.338,0.356,0.469,91.5,18.9,42.6,16.3
"417","Sanmartin, Reiver",665665,2022,45,57,256,66,8,47,29,18.4,11.3,0.293,0.476,0.373,0.849,0.339,40,4,4,6.32,0.229,0.377,0.367,0.306,0.316,0.414,0.328,86,4.6,29.4,7.2
"418","Cabrera, Edward",665795,2022,14,71.2,291,44,10,75,33,25.8,11.3,0.177,0.325,0.296,0.621,0.207,24,6,4,3.01,0.209,0.366,0.284,0.312,0.323,0.307,0.353,86.7,12.7,32.8,8.6
"419","Assad, Javier",665871,2022,9,37.2,166,35,4,30,20,18.1,12,0.24,0.37,0.331,0.701,0.277,13,2,2,3.11,0.255,0.388,0.314,0.327,0.344,0.33,0.35,87.5,17.8,32.8,5.2
"420","Anderson, Ian",666120,2022,22,111.2,493,115,12,97,54,19.7,11,0.264,0.408,0.345,0.753,0.313,62,10,6,5,0.254,0.383,0.333,0.323,0.338,0.37,0.356,89.2,8.4,32,6.2
"421","Garrett, Braxton",666129,2022,17,88,373,86,9,90,24,24.1,6.4,0.254,0.402,0.323,0.725,0.322,35,3,7,3.58,0.247,0.389,0.319,0.312,0.316,0.384,0.374,89.4,9,32.9,7.2
"422","Ragans, Cole",666142,2022,9,40,174,43,6,27,16,15.5,9.2,0.272,0.456,0.339,0.795,0.296,22,0,3,4.95,0.275,0.418,0.346,0.336,0.343,0.376,0.362,87.5,18.2,36.6,6.9
"423","Lodolo, Nick",666157,2022,19,103.1,441,90,13,131,39,29.7,8.8,0.235,0.392,0.336,0.728,0.322,42,4,7,3.66,0.214,0.361,0.325,0.308,0.321,0.408,0.383,88.7,11.9,32.1,9.1
"424","Manning, Matt",666159,2022,12,63,263,55,6,48,19,18.3,7.2,0.231,0.336,0.285,0.621,0.259,24,2,3,3.43,0.256,0.401,0.274,0.309,0.309,0.299,0.347,89.1,14.8,32.8,6.2
"425","Thompson, Mason",666168,2022,24,24.2,100,19,2,15,8,15,8,0.211,0.322,0.283,0.605,0.233,8,1,1,2.92,0.241,0.359,0.271,0.3,0.31,0.275,0.313,86.1,12.2,26.3,3.9
"426","Luzardo, Jesus",666200,2022,18,100.1,400,69,10,120,35,30,8.8,0.191,0.335,0.266,0.601,0.254,37,4,7,3.32,0.218,0.352,0.267,0.287,0.29,0.335,0.368,89,13.2,34.2,6.6
"427","Manoah, Alek",666201,2022,31,196.2,786,144,16,180,51,22.9,6.5,0.202,0.314,0.268,0.582,0.245,49,16,7,2.24,0.224,0.343,0.261,0.284,0.29,0.294,0.329,87.5,16.9,33,5.4
"428","Jimenez, Dany",666204,2022,34,34.1,145,23,2,34,18,23.4,12.4,0.183,0.254,0.283,0.537,0.231,13,3,4,3.41,0.197,0.305,0.237,0.262,0.295,0.256,0.294,89.4,16.2,26.9,4.3
"429","Wentz, Joey",666214,2022,7,32.2,135,23,2,27,13,20,9.6,0.195,0.339,0.274,0.613,0.228,11,2,2,3.03,0.214,0.346,0.27,0.296,0.299,0.285,0.322,88.8,12.9,31.9,7.4
"430","Brash, Matt",666374,2022,39,50.2,222,46,3,62,33,27.9,14.9,0.247,0.328,0.367,0.695,0.355,25,4,4,4.44,0.247,0.354,0.318,0.328,0.367,0.375,0.392,88.8,6.7,33.6,4.8
"431","Castillo, Max",666721,2022,14,39.1,170,38,8,37,15,21.8,8.8,0.252,0.45,0.325,0.775,0.28,26,0,2,5.95,0.25,0.431,0.338,0.335,0.328,0.394,0.39,90.7,11.5,32.8,10.3
"432","Doval, Camilo",666808,2022,68,67.2,286,54,4,80,30,28,10.5,0.218,0.319,0.305,0.624,0.298,19,6,6,2.53,0.199,0.287,0.278,0.266,0.293,0.333,0.314,85.9,-0.8,30.6,4.6
"433","Nance, Tommy",667297,2022,35,43.2,196,45,5,57,21,29.1,10.7,0.265,0.418,0.359,0.777,0.37,21,2,3,4.33,0.238,0.356,0.339,0.308,0.336,0.441,0.388,88.5,9.2,32.5,4.4
"434","Jackson, Zach",667427,2022,54,48,202,28,1,67,33,33.2,16.3,0.171,0.232,0.315,0.547,0.278,16,2,3,3,0.185,0.322,0.257,0.295,0.328,0.292,0.367,89.4,21.6,35,10
"435","King, John",667463,2022,39,51.1,222,61,5,30,14,13.5,6.3,0.298,0.41,0.344,0.754,0.327,23,1,4,4.03,0.278,0.404,0.326,0.317,0.326,0.357,0.345,90.7,0.2,24.9,6.2
"436","Plesac, Zach",668676,2022,25,131.2,568,136,19,100,38,17.6,6.7,0.26,0.426,0.315,0.741,0.288,63,3,12,4.31,0.278,0.474,0.324,0.351,0.333,0.363,0.399,89.5,13,37.6,9.6
"437","Gallen, Zac",668678,2022,31,184,714,121,15,192,47,26.9,6.6,0.186,0.307,0.252,0.559,0.237,52,12,4,2.54,0.213,0.34,0.25,0.278,0.279,0.298,0.34,87.8,10.8,33,7.8
"438","Thompson, Zack",668868,2022,22,34.2,136,20,3,27,14,19.9,10.3,0.164,0.262,0.25,0.512,0.185,8,1,1,2.08,0.233,0.352,0.235,0.3,0.313,0.236,0.329,87,5.4,30.5,6.3
"439","Greene, Hunter",668881,2022,24,125.2,531,104,24,164,48,30.9,9,0.222,0.42,0.305,0.725,0.281,62,5,13,4.44,0.219,0.393,0.318,0.31,0.305,0.415,0.402,89.7,20.7,35.6,9.4
"440","Ashcraft, Graham",668933,2022,19,105,464,119,11,71,30,15.3,6.5,0.281,0.404,0.338,0.742,0.314,57,5,6,4.89,0.263,0.375,0.326,0.311,0.323,0.353,0.333,86.9,3.8,31,4.8
"441","McCarty, Kirk",668948,2022,13,37.2,159,37,11,26,13,16.4,8.2,0.259,0.517,0.321,0.838,0.241,19,4,3,4.54,0.254,0.494,0.356,0.352,0.321,0.397,0.391,89.5,17,36.1,10.9
"442","Gore, MacKenzie",669022,2022,16,70,309,66,7,72,37,23.3,12,0.248,0.376,0.346,0.722,0.312,35,4,4,4.5,0.259,0.432,0.323,0.349,0.356,0.365,0.405,90.8,13.7,41.8,9.7
"443","Wilson, Bryse",669060,2022,25,115.2,509,132,20,79,32,15.5,6.3,0.287,0.485,0.341,0.826,0.305,71,3,9,5.52,0.291,0.474,0.356,0.358,0.347,0.393,0.396,90.9,11.5,37.6,7.7
"444","Zimmermann, Bruce",669145,2022,15,73.2,320,97,21,49,12,15.3,3.8,0.321,0.613,0.348,0.961,0.323,49,2,5,5.99,0.301,0.555,0.407,0.381,0.332,0.469,0.437,91.1,14,39.3,13.2
"445","May, Dustin",669160,2022,6,30,127,21,3,29,14,22.8,11,0.194,0.296,0.315,0.611,0.237,15,2,3,4.5,0.214,0.311,0.284,0.298,0.332,0.29,0.312,86.6,4.7,32.9,5.1
"446","Heasley, Jonathan",669169,2022,21,104,465,108,19,70,47,15.1,10.1,0.267,0.478,0.346,0.824,0.276,61,4,10,5.28,0.268,0.456,0.355,0.353,0.35,0.376,0.373,90.2,14.9,34.8,9.4
"447","Burnes, Corbin",669203,2022,33,202,797,144,23,243,51,30.5,6.4,0.197,0.341,0.261,0.602,0.259,66,12,8,2.94,0.212,0.336,0.267,0.273,0.275,0.343,0.354,87.2,10,31.6,5.7
"448","Akin, Keegan",669211,2022,45,81.2,329,69,10,77,20,23.4,6.1,0.227,0.375,0.275,0.65,0.269,29,3,3,3.2,0.242,0.38,0.284,0.295,0.29,0.343,0.359,87.8,7.9,35.7,6.5
"449","Morgan, Eli",669212,2022,50,66.2,256,46,10,72,13,28.1,5.1,0.192,0.381,0.238,0.619,0.226,25,5,3,3.38,0.2,0.354,0.268,0.266,0.25,0.344,0.342,87.8,19.5,35.5,8.9
"450","Kuhnel, Joel",669270,2022,53,58,255,67,8,56,14,22,5.5,0.291,0.465,0.34,0.805,0.347,41,2,3,6.36,0.237,0.392,0.347,0.301,0.295,0.42,0.357,90.1,7.6,32.2,7.2
"451","Lee, Dylan",669276,2022,46,50.2,201,40,5,59,10,29.4,5,0.212,0.323,0.249,0.572,0.276,12,5,1,2.13,0.207,0.329,0.249,0.251,0.246,0.33,0.334,88.6,18.1,34.1,5.3
"452","Gilbert, Logan",669302,2022,32,185.2,766,170,19,174,49,22.7,6.4,0.242,0.39,0.295,0.685,0.294,66,13,6,3.2,0.253,0.408,0.299,0.314,0.308,0.357,0.379,91,14.6,37.6,7.1
"453","Wells, Tyler",669330,2022,23,103.2,423,90,16,76,28,18,6.6,0.231,0.406,0.285,0.691,0.247,49,7,7,4.25,0.23,0.404,0.301,0.302,0.285,0.337,0.338,88.3,19.1,30.9,7.9
"454","Baz, Shane",669358,2022,6,27,117,27,5,30,9,25.6,7.7,0.252,0.449,0.316,0.765,0.306,15,1,2,5,0.248,0.415,0.333,0.318,0.312,0.416,0.394,91.1,12,36.4,7.8
"455","Skubal, Tarik",669373,2022,21,117.2,477,104,9,117,32,24.5,6.7,0.237,0.372,0.288,0.66,0.301,46,7,8,3.52,0.231,0.357,0.289,0.284,0.285,0.353,0.346,89.3,11.3,31.2,5.5
"456","Coleman, Dylan",669395,2022,68,68,289,47,5,71,37,24.6,12.8,0.194,0.306,0.311,0.617,0.247,21,5,2,2.78,0.211,0.339,0.282,0.302,0.327,0.297,0.331,86.4,12.5,34.9,6.9
"457","Lambert, Jimmy",669424,2022,42,47,204,40,4,45,24,22.1,11.8,0.227,0.352,0.32,0.672,0.279,17,1,2,3.26,0.198,0.304,0.301,0.273,0.295,0.33,0.287,86.7,17.8,32.1,4.5
"458","Rogers, Trevor",669432,2022,23,107,477,116,15,106,45,22.2,9.4,0.274,0.468,0.348,0.816,0.33,65,4,11,5.47,0.263,0.425,0.354,0.338,0.34,0.418,0.395,88.4,12.1,35.5,7.5
"459","Bieber, Shane",669456,2022,31,200,791,172,18,198,36,25,4.6,0.23,0.347,0.266,0.613,0.288,64,13,8,2.88,0.245,0.386,0.269,0.292,0.281,0.337,0.369,89.9,10,32.4,7.2
"460","Nelson, Kyle",669459,2022,43,37,151,26,1,30,14,19.9,9.3,0.194,0.299,0.285,0.584,0.243,9,2,1,2.19,0.235,0.373,0.266,0.311,0.321,0.272,0.338,88.5,13.7,31.7,7.7
"461","Liberatore, Matthew",669461,2022,9,34.2,161,42,5,28,18,17.4,11.2,0.304,0.529,0.384,0.913,0.346,23,2,2,5.97,0.268,0.46,0.391,0.357,0.355,0.438,0.39,91.2,16.4,38.6,8.8
"462","Pallante, Andre",669467,2022,47,108,457,113,9,73,40,16,8.8,0.274,0.387,0.338,0.725,0.313,38,6,5,3.17,0.254,0.35,0.32,0.301,0.323,0.346,0.322,89.4,-3.3,25.1,3.2
"463","Barlow, Joe",669618,2022,35,35,146,27,5,28,13,19.2,8.9,0.213,0.378,0.301,0.679,0.229,15,3,1,3.86,0.248,0.471,0.3,0.351,0.336,0.317,0.39,91.4,15.2,37.6,10.9
"464","Long, Sam",669674,2022,28,42.1,181,39,8,33,14,18.2,7.7,0.238,0.47,0.3,0.77,0.25,17,1,3,3.61,0.253,0.422,0.329,0.32,0.315,0.373,0.361,88.6,15.5,35.3,6.8
"465","Wesneski, Hayden",669713,2022,6,33,132,24,3,33,7,25,5.3,0.198,0.322,0.258,0.58,0.244,8,3,2,2.18,0.181,0.263,0.258,0.231,0.242,0.304,0.264,84.5,14,23.6,4.5
"466","Snead, Kirby",669912,2022,46,44.2,210,56,5,35,22,16.7,10.5,0.308,0.478,0.383,0.861,0.352,29,1,1,5.84,0.261,0.403,0.369,0.325,0.342,0.41,0.349,87.8,11.4,33.8,6.6
"467","Alexander, Jason",669920,2022,18,71.2,321,88,12,46,28,14.3,8.7,0.312,0.514,0.374,0.888,0.329,43,2,3,5.4,0.285,0.449,0.38,0.357,0.357,0.411,0.381,90.1,4.7,32.5,8.2
"468","Kirby, George",669923,2022,25,130,542,135,13,133,22,24.5,4.1,0.264,0.393,0.299,0.692,0.332,49,8,5,3.39,0.233,0.379,0.302,0.284,0.271,0.38,0.355,89.3,11.3,31.4,8.9
"469","White, Mitch",669952,2022,25,99,440,110,9,78,35,17.7,8,0.276,0.424,0.336,0.76,0.321,60,1,7,5.45,0.259,0.383,0.332,0.315,0.324,0.37,0.347,87.9,14.7,34,5.6
"470","Festa, Matt",670036,2022,53,54,219,43,10,64,18,29.2,8.2,0.218,0.426,0.29,0.716,0.268,25,2,0,4.17,0.222,0.381,0.312,0.299,0.294,0.406,0.384,87.2,17.3,34.1,7.4
"471","Holderman, Colin",670059,2022,24,28.1,118,20,0,24,14,20.3,11.9,0.206,0.247,0.325,0.572,0.267,12,5,0,3.81,0.211,0.317,0.267,0.295,0.33,0.255,0.298,87.3,18,18.4,6.6
"472","Mills, Wyatt",670090,2022,27,29.1,128,26,1,26,13,20.3,10.2,0.243,0.355,0.346,0.701,0.305,15,0,1,4.6,0.252,0.373,0.309,0.324,0.356,0.331,0.354,85.2,12.9,35.7,4.8
"473","Oller, Adam",670124,2022,19,74.1,337,82,17,46,39,13.6,11.6,0.28,0.549,0.366,0.915,0.28,52,2,8,6.3,0.263,0.485,0.392,0.365,0.353,0.415,0.38,90.2,19.2,34.9,10
"474","Schreiber, John",670167,2022,64,65,257,45,3,74,19,28.8,7.4,0.195,0.312,0.266,0.578,0.269,16,4,4,2.22,0.185,0.282,0.258,0.25,0.261,0.315,0.303,87.2,2.5,25,5
"475","Winckowski, Josh",670174,2022,15,70.1,316,85,10,44,27,13.9,8.5,0.3,0.491,0.361,0.852,0.322,46,5,7,5.89,0.272,0.433,0.366,0.338,0.337,0.395,0.358,89.5,5.3,30.5,9.9
"476","Bednar, David",670280,2022,45,51.2,210,42,4,69,16,32.9,7.6,0.218,0.337,0.281,0.618,0.317,15,3,4,2.61,0.224,0.349,0.271,0.28,0.288,0.371,0.388,90.5,15.3,37.9,7.3
"477","Oviedo, Johan",670912,2022,21,56,242,49,5,54,23,22.3,9.5,0.227,0.343,0.31,0.653,0.28,20,4,3,3.21,0.208,0.321,0.293,0.278,0.293,0.327,0.304,87.3,10.6,25.3,6.2
"478","Richards, Trevor",670950,2022,62,64,281,57,9,82,35,29.2,12.5,0.237,0.396,0.332,0.728,0.314,38,3,2,5.34,0.236,0.42,0.32,0.331,0.333,0.402,0.421,89.4,17,40.5,11
"479","Morejon, Adrian",670970,2022,26,34,141,31,4,28,9,19.9,6.4,0.238,0.362,0.291,0.653,0.273,16,5,1,4.24,0.24,0.417,0.285,0.308,0.295,0.327,0.359,90,19.2,36.9,8.7
"480","Ramirez, Yohan",670990,2022,30,37.1,167,32,4,32,20,19.2,12,0.23,0.367,0.352,0.719,0.272,19,4,1,4.58,0.245,0.377,0.324,0.333,0.364,0.333,0.348,87.8,8.7,32.1,7.3
"481","Foley, Jason",671345,2022,60,60.1,256,72,2,43,11,16.8,4.3,0.298,0.364,0.333,0.697,0.355,26,1,0,3.88,0.263,0.366,0.309,0.296,0.301,0.351,0.334,90.7,3.2,26,4.5
"482","Detmers, Reid",672282,2022,25,129,539,110,13,122,46,22.6,8.5,0.231,0.377,0.305,0.682,0.278,54,7,6,3.77,0.243,0.388,0.3,0.312,0.318,0.343,0.362,89.3,16.7,39.9,8
"483","Perez, Cionel",672335,2022,66,57.2,234,46,2,55,21,23.5,9,0.22,0.278,0.291,0.569,0.284,9,7,1,1.4,0.236,0.361,0.257,0.296,0.307,0.289,0.347,89.1,5.1,33.1,6.4
"484","Ort, Kaleb",672391,2022,25,28.1,134,35,4,27,15,20.1,11.2,0.302,0.457,0.388,0.845,0.36,20,1,2,6.35,0.264,0.452,0.366,0.352,0.358,0.422,0.401,91.6,20.5,33.3,8.9
"485","Hernandez, Carlos",672578,2022,27,56,266,72,7,35,31,13.2,11.7,0.314,0.485,0.391,0.876,0.339,46,0,5,7.39,0.272,0.448,0.378,0.351,0.357,0.396,0.359,88.7,14.5,36.7,8
"486","Contreras, Roansy",672710,2022,21,95,408,82,13,86,39,21.1,9.6,0.225,0.414,0.301,0.715,0.257,40,5,5,3.79,0.24,0.43,0.312,0.325,0.316,0.353,0.373,90.1,17.7,36.3,11
"487","Adon, Joan",672851,2022,14,64.2,310,76,8,55,39,17.7,12.6,0.29,0.481,0.392,0.873,0.338,51,1,12,7.1,0.274,0.464,0.379,0.371,0.38,0.413,0.401,89.3,7.5,35.7,10
"488","Henry, Tommy",674072,2022,9,47,205,47,10,36,21,17.6,10.2,0.263,0.475,0.348,0.823,0.276,28,3,4,5.36,0.253,0.434,0.357,0.339,0.34,0.392,0.367,90,13.7,36.6,9
"489","Grove, Michael",675627,2022,7,29.1,133,32,6,24,10,18,7.5,0.26,0.463,0.316,0.779,0.28,15,1,0,4.6,0.216,0.354,0.335,0.275,0.276,0.384,0.304,91.6,16,28.3,6.1
"490","Strider, Spencer",675911,2022,31,131.2,528,86,7,202,45,38.3,8.5,0.18,0.264,0.254,0.518,0.292,39,11,5,2.67,0.179,0.279,0.235,0.242,0.254,0.329,0.343,88,14.1,32.7,6.1
"491","Karinchak, James",675916,2022,38,39,160,22,2,62,21,38.8,13.1,0.161,0.241,0.275,0.516,0.27,9,2,0,2.08,0.181,0.279,0.243,0.267,0.294,0.311,0.362,91,26.6,39.5,5.3
"492","Howard, Spencer",675921,2022,10,37.2,179,50,12,32,15,17.9,8.4,0.309,0.617,0.369,0.986,0.319,31,2,4,7.41,0.275,0.5,0.416,0.358,0.338,0.486,0.408,91.4,13.8,34.4,10.7
"493","Naughton, Packy",676050,2022,26,32,141,39,3,31,7,22,5,0.295,0.439,0.336,0.775,0.367,17,0,2,4.78,0.255,0.392,0.336,0.301,0.298,0.414,0.367,87.1,10,31.4,6.9
"494","Snider, Collin",676092,2022,42,34.1,151,40,3,22,15,14.6,9.9,0.301,0.444,0.38,0.824,0.343,25,4,2,6.55,0.301,0.465,0.363,0.371,0.38,0.384,0.396,89.6,6.9,32.1,7.1
"495","Abbott, Cory",676265,2022,16,48,216,44,12,45,25,20.8,11.6,0.239,0.5,0.343,0.843,0.248,28,0,5,5.25,0.2,0.419,0.363,0.325,0.312,0.409,0.351,90.3,23.8,29.1,12.1
"496","Whitlock, Garrett",676477,2022,31,78.1,311,65,10,82,15,26.4,4.8,0.222,0.379,0.26,0.639,0.271,30,4,2,3.45,0.227,0.366,0.278,0.278,0.267,0.354,0.354,88.8,15.3,35.2,8
"497","Faucher, Calvin",676534,2022,22,21.1,101,26,4,21,10,20.8,9.9,0.289,0.444,0.366,0.81,0.338,13,2,3,5.48,0.276,0.501,0.357,0.371,0.356,0.413,0.434,90.7,12.3,43.5,13
"498","Fleming, Josh",676596,2022,10,35,169,54,5,29,12,17.2,7.1,0.348,0.542,0.396,0.938,0.402,25,2,5,6.43,0.263,0.421,0.403,0.323,0.32,0.467,0.363,90.4,-3.7,29.9,7.9
"499","Sears, JP",676664,2022,17,70,288,67,8,51,23,17.7,8,0.256,0.397,0.319,0.716,0.289,30,6,3,3.86,0.258,0.425,0.314,0.327,0.323,0.347,0.365,90.5,17.3,30.7,9
"500","Vest, Will",676684,2022,59,63,272,62,6,63,22,23.2,8.1,0.262,0.367,0.323,0.69,0.32,28,3,3,4,0.239,0.38,0.304,0.31,0.311,0.357,0.365,87.8,5.8,32.8,7.1
"501","Crawford, Kutter",676710,2022,21,77.1,334,81,12,77,29,23.1,8.7,0.269,0.458,0.335,0.793,0.322,47,3,6,5.47,0.253,0.438,0.344,0.331,0.322,0.415,0.396,89.7,17.1,42,8.8
"502","Hughes, Brandon",676714,2022,57,57.2,240,42,11,68,22,28.3,9.2,0.2,0.395,0.292,0.687,0.233,20,2,3,3.12,0.217,0.393,0.298,0.305,0.308,0.369,0.383,88.8,19,39.6,11.1
"503","Marinaccio, Ron",676760,2022,40,44,181,22,2,56,24,30.9,13.3,0.149,0.236,0.289,0.525,0.217,10,1,0,2.05,0.156,0.238,0.252,0.257,0.296,0.26,0.271,84.5,16.6,33,5.3
"504","Ashby, Aaron",676879,2022,27,107.1,475,106,15,126,47,26.5,9.9,0.254,0.416,0.335,0.751,0.325,53,2,10,4.44,0.222,0.358,0.331,0.301,0.309,0.407,0.36,87.1,2,29.7,6.8
"505","Garcia, Luis",677651,2022,28,157.1,643,131,23,157,47,24.4,7.3,0.222,0.399,0.279,0.678,0.261,65,15,8,3.72,0.228,0.384,0.295,0.294,0.285,0.357,0.357,88.4,17.1,35.4,7.8
"506","Bruihl, Justin",677865,2022,24,23.2,100,22,4,13,6,13,6,0.253,0.437,0.32,0.757,0.254,10,1,1,3.8,0.245,0.382,0.322,0.3,0.313,0.342,0.314,86.2,15.2,33.3,6.4
"507","Bello, Brayan",678394,2022,13,57.1,268,75,1,55,27,20.5,10.1,0.315,0.416,0.388,0.804,0.404,30,2,8,4.71,0.246,0.347,0.355,0.303,0.328,0.409,0.335,88,5.3,32.1,5.4
"508","Gray, Josiah",680686,2022,28,148.2,649,136,38,154,66,23.7,10.2,0.239,0.489,0.324,0.813,0.257,83,7,10,5.02,0.219,0.419,0.35,0.319,0.308,0.419,0.372,87.4,19.7,33.6,10.7
"509","Bradish, Kyle",680694,2022,23,117.2,509,119,17,111,46,21.8,9,0.265,0.419,0.34,0.759,0.314,64,4,7,4.9,0.253,0.404,0.334,0.327,0.331,0.386,0.376,89.9,8.7,31.4,7.8
"510","Sandlin, Nick",680704,2022,46,44,180,27,2,41,24,22.8,13.3,0.176,0.248,0.3,0.548,0.227,11,5,2,2.25,0.212,0.297,0.253,0.286,0.33,0.251,0.303,86.5,8,25,4.5
"511","Winder, Josh",680739,2022,15,67,287,69,11,47,18,16.4,6.3,0.264,0.46,0.321,0.781,0.282,35,4,6,4.7,0.268,0.457,0.337,0.348,0.331,0.373,0.387,89.1,17.1,35.5,10.1
"512","Silseth, Chase",681217,2022,7,28.2,129,33,7,24,12,18.6,9.3,0.287,0.539,0.359,0.898,0.31,21,1,3,6.59,0.306,0.509,0.387,0.386,0.377,0.445,0.444,90.9,7.5,35.9,10.9
"513","Wantz, Andrew",681806,2022,42,50.1,204,37,8,52,21,25.5,10.3,0.206,0.367,0.294,0.661,0.24,18,2,1,3.22,0.218,0.377,0.294,0.306,0.307,0.342,0.36,87.8,21.6,34.9,10.9
"514","Vesia, Alex",681911,2022,63,54.1,227,37,2,79,24,34.8,10.6,0.187,0.247,0.28,0.527,0.297,13,5,0,2.15,0.188,0.295,0.244,0.261,0.281,0.311,0.343,87,17.4,35.2,6.6
"515","Hill, Garrett",682051,2022,17,60.1,263,53,8,40,29,15.2,11,0.231,0.38,0.327,0.707,0.247,27,3,3,4.03,0.27,0.471,0.316,0.364,0.361,0.316,0.383,88.8,18.7,36.8,9.5
"516","Murfee, Penn",682171,2022,64,69.1,272,48,7,76,18,27.9,6.6,0.192,0.32,0.25,0.57,0.243,23,4,0,2.99,0.2,0.316,0.251,0.254,0.257,0.312,0.317,85.7,19.5,35.8,5.1
"517","Arihara, Kohei",685503,2022,5,20,108,36,4,14,11,13,10.2,0.387,0.645,0.467,1.112,0.427,21,1,3,9.45,0.314,0.509,0.475,0.398,0.404,0.52,0.416,90.1,6.7,33.8,10
"518","Waldichuk, Ken",686610,2022,7,34.2,146,32,5,33,10,22.6,6.8,0.244,0.466,0.315,0.781,0.287,19,2,2,4.93,0.246,0.437,0.337,0.33,0.318,0.399,0.389,88.7,16.9,33.3,12.1
"519","Pepiot, Ryan",686752,2022,9,36.1,160,26,6,42,27,26.3,16.9,0.2,0.369,0.35,0.719,0.244,14,3,0,3.47,0.193,0.361,0.327,0.321,0.344,0.359,0.348,89,24.2,33,10.2
"520","Varland, Louie",686973,2022,5,26,106,26,4,21,6,19.8,5.7,0.263,0.455,0.311,0.766,0.297,11,1,2,3.81,0.272,0.441,0.329,0.329,0.32,0.389,0.389,88.7,14.8,43.6,6.4
"521","Brieske, Beau",689225,2022,15,81.2,339,73,14,54,25,15.9,7.4,0.236,0.411,0.293,0.704,0.242,38,3,6,4.19,0.286,0.49,0.306,0.359,0.34,0.332,0.402,89.2,17.2,31.7,10.4
"522","Elder, Bryce",693821,2022,10,54,227,44,4,47,23,20.7,10.1,0.222,0.333,0.31,0.643,0.268,19,2,4,3.17,0.243,0.388,0.288,0.319,0.329,0.31,0.356,88.2,8.8,30.5,5.8
